{"Epoch":{"0":1,"1":2,"2":3,"3":4,"4":5,"5":6,"6":7,"7":8,"8":9,"9":10,"10":11,"11":12,"12":13,"13":14,"14":15,"15":16,"16":17,"17":18,"18":19,"19":20,"20":21,"21":22,"22":23,"23":24,"24":25,"25":26,"26":27,"27":28,"28":29,"29":30,"30":31,"31":32,"32":33,"33":34,"34":35,"35":36,"36":37,"37":38,"38":39,"39":40,"40":41,"41":42,"42":43,"43":44,"44":45,"45":46,"46":47,"47":48,"48":49,"49":50,"50":51,"51":52,"52":53,"53":54,"54":55,"55":56,"56":57,"57":58,"58":59,"59":60,"60":61,"61":62,"62":63,"63":64,"64":65,"65":66,"66":67,"67":68,"68":69,"69":70,"70":71,"71":72,"72":73,"73":74,"74":75,"75":76,"76":77,"77":78,"78":79,"79":80,"80":81,"81":82,"82":83,"83":84,"84":85,"85":86,"86":87,"87":88,"88":89,"89":90,"90":91,"91":92,"92":93,"93":94,"94":95,"95":96,"96":97,"97":98,"98":99,"99":100},"Train Loss":{"0":0.0464929745,"1":0.0332901857,"2":0.0306844685,"3":0.0293017149,"4":0.027903305,"5":0.0268581717,"6":0.025855495,"7":0.0250402245,"8":0.0242593527,"9":0.0237912959,"10":0.0230420904,"11":0.0224179156,"12":0.0222724245,"13":0.0216484099,"14":0.0211600508,"15":0.0207243747,"16":0.0202497279,"17":0.0198387301,"18":0.0194109315,"19":0.0190614907,"20":0.018683345,"21":0.0183065915,"22":0.0179123861,"23":0.0175531126,"24":0.0173990873,"25":0.0169830811,"26":0.0166451649,"27":0.0164172134,"28":0.0161486253,"29":0.0158216653,"30":0.0154932871,"31":0.0152512824,"32":0.0149724921,"33":0.0148229962,"34":0.0145693997,"35":0.0143233466,"36":0.0141848215,"37":0.0139137335,"38":0.0138150604,"39":0.0139446886,"40":0.013376827,"41":0.0131556034,"42":0.0128835311,"43":0.012661725,"44":0.0124976416,"45":0.0122496238,"46":0.0119274391,"47":0.0117428263,"48":0.0115867487,"49":0.0114303845,"50":0.0111888504,"51":0.0110717667,"52":0.0109612718,"53":0.0107042717,"54":0.0104998642,"55":0.0103379544,"56":0.0101445508,"57":0.0100510991,"58":0.0098779075,"59":0.009561425,"60":0.0095837585,"61":0.0094267046,"62":0.0092298201,"63":0.0091975312,"64":0.0088958845,"65":0.0087993374,"66":0.0086246449,"67":0.0084251218,"68":0.0083036642,"69":0.0082114446,"70":0.0080952276,"71":0.0079675535,"72":0.0078309973,"73":0.0077528232,"74":0.0076225437,"75":0.007422558,"76":0.0073703638,"77":0.0072567681,"78":0.0071990654,"79":0.0070994004,"80":0.0069717232,"81":0.0068546511,"82":0.0066371633,"83":0.0066796671,"84":0.0066157375,"85":0.0065638185,"86":0.0063603452,"87":0.006284965,"88":0.0061987461,"89":0.0061391932,"90":0.0060631249,"91":0.0060689788,"92":0.005976867,"93":0.0058915112,"94":0.0058145674,"95":0.0057935674,"96":0.0057563845,"97":0.0056798088,"98":0.0056239055,"99":0.0055666613},"Train Accuracy":{"0":3.018,"1":7.332,"2":10.276,"3":12.648,"4":15.458,"5":17.678,"6":20.06,"7":22.072,"8":23.872,"9":25.216,"10":26.872,"11":28.478,"12":28.948,"13":30.632,"14":31.836,"15":33.178,"16":34.078,"17":35.202,"18":36.332,"19":37.326,"20":38.142,"21":39.18,"22":40.388,"23":41.266,"24":41.516,"25":42.892,"26":43.708,"27":44.496,"28":45.042,"29":46.152,"30":47.002,"31":47.508,"32":48.534,"33":49.104,"34":49.722,"35":50.534,"36":50.97,"37":51.61,"38":51.868,"39":51.566,"40":53.172,"41":53.768,"42":54.532,"43":54.906,"44":55.534,"45":56.558,"46":57.372,"47":58.208,"48":58.5,"49":58.918,"50":59.976,"51":59.81,"52":60.532,"53":61.41,"54":62.208,"55":62.888,"56":63.17,"57":63.488,"58":64.098,"59":65.154,"60":64.984,"61":65.554,"62":66.234,"63":66.388,"64":67.156,"65":67.68,"66":68.258,"67":68.97,"68":69.284,"69":69.72,"70":70.1,"71":70.602,"72":70.99,"73":71.248,"74":71.85,"75":72.364,"76":72.664,"77":73.018,"78":73.064,"79":73.554,"80":74.134,"81":74.352,"82":75.196,"83":74.898,"84":75.184,"85":75.586,"86":76.036,"87":76.356,"88":76.768,"89":76.976,"90":77.312,"91":77.102,"92":77.632,"93":77.628,"94":78.202,"95":78.208,"96":78.49,"97":78.722,"98":79.038,"99":79.082},"Train Time":{"0":20.8188419342,"1":20.7529668808,"2":20.8101274967,"3":20.7744708061,"4":20.6743516922,"5":20.484300375,"6":20.743543148,"7":21.1712393761,"8":20.7976214886,"9":21.2930059433,"10":20.9792013168,"11":20.6920700073,"12":21.1300923824,"13":20.681479454,"14":20.6769902706,"15":20.6181864738,"16":20.9069612026,"17":20.807441473,"18":20.8119194508,"19":20.7490608692,"20":20.6997618675,"21":21.3266766071,"22":20.8302938938,"23":21.1366195679,"24":21.0176246166,"25":20.7638309002,"26":21.0089375973,"27":20.6306445599,"28":20.6630797386,"29":20.6331164837,"30":20.6550781727,"31":20.9188079834,"32":20.7361900806,"33":20.6549334526,"34":20.6607716084,"35":20.908166647,"36":21.2193310261,"37":20.9441795349,"38":21.2385149002,"39":20.8335306644,"40":20.8913538456,"41":20.6594076157,"42":20.6022760868,"43":20.6946754456,"44":20.6129262447,"45":20.9568786621,"46":20.801984787,"47":20.5882537365,"48":20.7960956097,"49":20.6988801956,"50":21.1054017544,"51":20.776427269,"52":21.2206377983,"53":20.9902307987,"54":20.8879580498,"55":20.7113804817,"56":20.6018772125,"57":20.7187006474,"58":20.7767641544,"59":20.8469352722,"60":20.8465635777,"61":20.6251571178,"62":20.5075106621,"63":20.6829378605,"64":20.9981026649,"65":20.805740118,"66":21.1085145473,"67":21.358322382,"68":20.800093174,"69":21.0370373726,"70":20.6611163616,"71":20.6854600906,"72":20.6553199291,"73":20.7503767014,"74":20.7669074535,"75":20.964312315,"76":20.4254393578,"77":20.7193334103,"78":21.2585904598,"79":21.017220974,"80":20.9660112858,"81":21.2921407223,"82":20.6831879616,"83":21.1008868217,"84":20.6113321781,"85":20.588351965,"86":20.6949558258,"87":20.7366728783,"88":20.7962372303,"89":20.7381880283,"90":20.6895313263,"91":20.5564186573,"92":20.9179091454,"93":20.8325123787,"94":21.1026339531,"95":21.2302188873,"96":20.7549853325,"97":20.9961540699,"98":20.633928299,"99":20.6349446774},"Test Loss":{"0":0.0498743244,"1":0.0353004695,"2":0.032478897,"3":0.0310610425,"4":0.0281066108,"5":0.0290253503,"6":0.0256614324,"7":0.0253863627,"8":0.0249610225,"9":0.024681068,"10":0.0232593265,"11":0.0223892826,"12":0.0215991052,"13":0.0211699091,"14":0.0227712023,"15":0.023138387,"16":0.0215602008,"17":0.0210369276,"18":0.0204703145,"19":0.0208727966,"20":0.0198072938,"21":0.0227417348,"22":0.0195905823,"23":0.0209986457,"24":0.0255162826,"25":0.0201743284,"26":0.0208065665,"27":0.0213225937,"28":0.0186826888,"29":0.0189317883,"30":0.0225020192,"31":0.0190292353,"32":0.0180952603,"33":0.0198915793,"34":0.0206519061,"35":0.0180906895,"36":0.017160403,"37":0.0171245238,"38":0.0164586064,"39":0.0164392386,"40":0.0163293374,"41":0.0163168383,"42":0.0162471238,"43":0.0166714717,"44":0.0156897772,"45":0.0153168856,"46":0.0158721984,"47":0.0162510655,"48":0.0166204694,"49":0.0159921238,"50":0.0163531745,"51":0.0162708362,"52":0.0161147168,"53":0.0167006767,"54":0.016258281,"55":0.0163147638,"56":0.0163323548,"57":0.016426279,"58":0.0158812686,"59":0.0160667496,"60":0.0158739015,"61":0.0166003531,"62":0.0160170143,"63":0.0162978164,"64":0.0164098933,"65":0.016212731,"66":0.0159026305,"67":0.0168764955,"68":0.016116789,"69":0.0164732995,"70":0.0165033051,"71":0.0166818916,"72":0.0170489156,"73":0.0173074926,"74":0.0174245996,"75":0.0165832881,"76":0.0168052782,"77":0.0172695576,"78":0.0171616008,"79":0.016888938,"80":0.0172069775,"81":0.0168747673,"82":0.017600552,"83":0.0175435279,"84":0.0169581345,"85":0.0172195136,"86":0.0167994187,"87":0.017528929,"88":0.0166413626,"89":0.0172572003,"90":0.0184602175,"91":0.0178813879,"92":0.0172188717,"93":0.0172185106,"94":0.0170616184,"95":0.0174911009,"96":0.0168297169,"97":0.0175593206,"98":0.0175364497,"99":0.0172224751},"Test Accuracy":{"0":4.71,"1":10.26,"2":13.87,"3":16.81,"4":19.24,"5":20.92,"6":23.75,"7":24.81,"8":28.04,"9":28.88,"10":29.94,"11":31.33,"12":32.34,"13":33.03,"14":34.62,"15":33.16,"16":35.61,"17":37.69,"18":37.07,"19":37.82,"20":38.87,"21":38.04,"22":40.22,"23":40.61,"24":41.13,"25":41.99,"26":42.24,"27":42.75,"28":43.68,"29":42.93,"30":44.05,"31":43.76,"32":45.55,"33":44.38,"34":43.97,"35":45.55,"36":45.04,"37":45.92,"38":46.22,"39":46.62,"40":47.85,"41":47.02,"42":47.55,"43":46.47,"44":49.23,"45":49.85,"46":48.38,"47":47.83,