{"Epoch":{"0":1,"1":2,"2":3,"3":4,"4":5,"5":6,"6":7,"7":8,"8":9,"9":10,"10":11,"11":12,"12":13,"13":14,"14":15,"15":16,"16":17,"17":18,"18":19,"19":20,"20":21,"21":22,"22":23,"23":24,"24":25,"25":26,"26":27,"27":28,"28":29,"29":30,"30":31,"31":32,"32":33,"33":34,"34":35,"35":36,"36":37,"37":38,"38":39,"39":40,"40":41,"41":42,"42":43,"43":44,"44":45,"45":46,"46":47,"47":48,"48":49,"49":50,"50":51,"51":52,"52":53,"53":54,"54":55,"55":56,"56":57,"57":58,"58":59,"59":60,"60":61,"61":62,"62":63,"63":64,"64":65,"65":66,"66":67,"67":68,"68":69,"69":70,"70":71,"71":72,"72":73,"73":74,"74":75,"75":76,"76":77,"77":78,"78":79,"79":80,"80":81,"81":82,"82":83,"83":84,"84":85,"85":86,"86":87,"87":88,"88":89,"89":90,"90":91,"91":92,"92":93,"93":94,"94":95,"95":96,"96":97,"97":98,"98":99,"99":100},"Train Loss":{"0":0.0346273385,"1":0.0167342402,"2":0.0130508705,"3":0.0116368083,"4":0.0108646883,"5":0.0102379259,"6":0.0097249013,"7":0.0092341958,"8":0.0087343517,"9":0.0083406866,"10":0.007829391,"11":0.007401088,"12":0.0069828623,"13":0.0065743059,"14":0.0063132735,"15":0.005863913,"16":0.0055562527,"17":0.0052725723,"18":0.0050715059,"19":0.0051654148,"20":0.0046527623,"21":0.0043921375,"22":0.0042349269,"23":0.004042486,"24":0.0037597802,"25":0.0037036456,"26":0.0035466514,"27":0.0032718914,"28":0.0033470143,"29":0.0029997113,"30":0.0029990878,"31":0.0028465047,"32":0.0027822371,"33":0.0027025216,"34":0.0023841116,"35":0.0022680013,"36":0.0022007334,"37":0.0022080335,"38":0.0020652062,"39":0.0019889539,"40":0.0019627581,"41":0.0019013734,"42":0.0017898785,"43":0.0017463499,"44":0.0017257213,"45":0.0019481223,"46":0.0017143861,"47":0.0017316982,"48":0.0015824892,"49":0.0015129803,"50":0.0015051765,"51":0.001467946,"52":0.0014036178,"53":0.0013935316,"54":0.0013733635,"55":0.001383522,"56":0.0013880583,"57":0.0013989136,"58":0.0013612112,"59":0.0013057057,"60":0.0012076151,"61":0.0013010165,"62":0.0013178902,"63":0.001288816,"64":0.0012265018,"65":0.0012730148,"66":0.001294286,"67":0.0011930634,"68":0.0012136727,"69":0.0011700209,"70":0.0012290804,"71":0.0011672432,"72":0.0011983962,"73":0.001269555,"74":0.0011863004,"75":0.0011708231,"76":0.0011252799,"77":0.0011198733,"78":0.0010955301,"79":0.0011285766,"80":0.0010980098,"81":0.0011216732,"82":0.0010851332,"83":0.001104905,"84":0.0011486999,"85":0.001085128,"86":0.0010630335,"87":0.0010494538,"88":0.001046763,"89":0.0010599106,"90":0.0010325802,"91":0.0010750699,"92":0.0010169557,"93":0.0010564515,"94":0.0010670642,"95":0.0010069087,"96":0.0010630714,"97":0.0009471507,"98":0.0010532528,"99":0.0010438069},"Train Accuracy":{"0":20.424,"1":34.672,"2":41.864,"3":46.474,"4":50.218,"5":52.78,"6":55.126,"7":57.556,"8":60.232,"9":61.748,"10":64.508,"11":66.136,"12":68.494,"13":70.196,"14":71.642,"15":73.566,"16":75.006,"17":76.296,"18":77.194,"19":76.684,"20":79.202,"21":80.416,"22":81.012,"23":81.646,"24":83.254,"25":83.382,"26":84.042,"27":85.12,"28":85.064,"29":86.438,"30":86.584,"31":87.182,"32":87.406,"33":87.806,"34":89.282,"35":89.768,"36":90.142,"37":90.0,"38":90.766,"39":90.946,"40":91.098,"41":91.456,"42":91.956,"43":92.198,"44":92.186,"45":91.33,"46":92.33,"47":92.258,"48":92.946,"49":93.156,"50":93.284,"51":93.436,"52":93.696,"53":93.766,"54":93.836,"55":93.776,"56":93.762,"57":93.846,"58":93.936,"59":94.266,"60":94.684,"61":94.156,"62":94.144,"63":94.148,"64":94.538,"65":94.466,"66":94.246,"67":94.598,"68":94.566,"69":94.818,"70":94.524,"71":94.742,"72":94.706,"73":94.386,"74":94.648,"75":94.716,"76":94.912,"77":95.148,"78":95.086,"79":94.988,"80":95.086,"81":95.0,"82":95.154,"83":95.146,"84":94.9,"85":95.242,"86":95.21,"87":95.354,"88":95.292,"89":95.218,"90":95.352,"91":95.168,"92":95.506,"93":95.436,"94":95.242,"95":95.588,"96":95.214,"97":95.74,"98":95.276,"99":95.278},"Train Time":{"0":21.3070659637,"1":20.4262235165,"2":20.8867194653,"3":20.7848801613,"4":20.5242688656,"5":20.618594408,"6":20.5582208633,"7":21.2117245197,"8":21.0180537701,"9":21.0394258499,"10":21.4634411335,"11":20.5514781475,"12":21.1172959805,"13":20.6279799938,"14":20.6232333183,"15":20.7640514374,"16":20.6885170937,"17":20.9234409332,"18":20.7198228836,"19":20.551014185,"20":20.6404738426,"21":20.9672601223,"22":21.1811182499,"23":20.9247663021,"24":21.5214085579,"25":20.6373755932,"26":20.9266331196,"27":20.7525379658,"28":20.556157589,"29":20.7136158943,"30":20.6779346466,"31":20.9403421879,"32":20.6761603355,"33":20.4835617542,"34":20.5614778996,"35":20.6056678295,"36":21.3853480816,"37":20.8934223652,"38":21.5717298985,"39":20.8380908966,"40":20.9437174797,"41":20.9450817108,"42":20.5550086498,"43":20.6153688431,"44":20.6914753914,"45":21.0666863918,"46":20.8349392414,"47":20.6323149204,"48":20.5622730255,"49":20.5810012817,"50":21.3524677753,"51":20.9084873199,"52":20.9398510456,"53":21.0739147663,"54":20.8189599514,"55":21.0555846691,"56":20.5891294479,"57":20.7065639496,"58":20.540507555,"59":20.7651357651,"60":20.8967797756,"61":20.6536924839,"62":20.6593062878,"63":20.4896271229,"64":21.304795742,"65":21.069190979,"66":20.9491825104,"67":21.4103751183,"68":20.6602902412,"69":20.9655585289,"70":20.5491044521,"71":20.5619521141,"72":20.5866148472,"73":20.748095274,"74":21.0938987732,"75":20.4687726498,"76":20.5705287457,"77":20.6943120956,"78":20.9509994984,"79":21.4065203667,"80":20.9187581539,"81":21.5982065201,"82":20.6012599468,"83":21.0153360367,"84":20.8782761097,"85":20.6370990276,"86":20.614228487,"87":20.5874574184,"88":21.1154379845,"89":20.6468224525,"90":20.5450310707,"91":20.6444699764,"92":20.6248886585,"93":21.4435386658,"94":20.9747478962,"95":21.6365189552,"96":20.751704216,"97":20.9018061161,"98":20.963919878,"99":20.5344376564},"Test Loss":{"0":0.0223584092,"1":0.0171235429,"2":0.0125298802,"3":0.0116090051,"4":0.0109270041,"5":0.0105288996,"6":0.0104366003,"7":0.0097824102,"8":0.0090014392,"9":0.0088260382,"10":0.0083728626,"11":0.008116031,"12":0.0075231704,"13":0.007590759,"14":0.0069124023,"15":0.0068153214,"16":0.0066072736,"17":0.0067217442,"18":0.0066247324,"19":0.0066421476,"20":0.0066512719,"21":0.007024595,"22":0.0064042842,"23":0.0061682878,"24":0.0065265275,"25":0.0065937687,"26":0.0061451169,"27":0.006437554,"28":0.006139574,"29":0.0063963015,"30":0.0075617394,"31":0.0060785868,"32":0.0063106145,"33":0.0060394337,"34":0.0061723839,"35":0.0063577649,"36":0.0067589382,"37":0.0067156544,"38":0.0070318948,"39":0.0069446949,"40":0.0066282793,"41":0.0063380075,"42":0.0066492588,"43":0.0069509873,"44":0.0071023556,"45":0.0064618293,"46":0.0065048685,"47":0.006504069,"48":0.0065243302,"49":0.0065470624,"50":0.0066451246,"51":0.0068894028,"52":0.0069792461,"53":0.0069818508,"54":0.0066854652,"55":0.0071613503,"56":0.0066434956,"57":0.0065919762,"58":0.0070352253,"59":0.0067305565,"60":0.0066835296,"61":0.0069498404,"62":0.0071175372,"63":0.0068636572,"64":0.0071109907,"65":0.0068011608,"66":0.0069590228,"67":0.0068086908,"68":0.0070039776,"69":0.0073288655,"70":0.0067464343,"71":0.006974149,"72":0.0068322753,"73":0.0067976406,"74":0.0068867915,"75":0.0066870403,"76":0.0069864905,"77":0.0072959532,"78":0.0072249614,"79":0.0069497251,"80":0.0070909959,"81":0.0070522391,"82":0.0073796561,"83":0.0071761641,"84":0.007340398,"85":0.0070856456,"86":0.0072107732,"87":0.0067839915,"88":0.0067564334,"89":0.0070600978,"90":0.0073347748,"91":0.0064679943,"92":0.00717911,"93":0.0070119115,"94":0.0068468902,"95":0.0069289742,"96":0.0065645441,"97":0.0074009301,"98":0.006969843,"99":0.0068153967},"Test Accuracy":{"0":29.02,"1":38.45,"2":45.14,"3":48.2,"4":50.98,"5":54.06,"6":55.64,"7":55.86,"8":59.59,"9":62.25,"10":62.26,"11":63.99,"12":67.0,"13":68.21,"14":69.49,"15":69.63,"16":71.43,"17":71.02,"18":71.26,"19":72.81,"20":72.29,"21":71.95,"22":72.91,"23":74.67,"24":74.12,"25":73.8,"26":74.28,"27":74.15,"28":75.13,"29":74.86,"30":71.91,"31":75.93,"32":74.7,"33":76.08,"34":76.54,"35":76.26,"36":75.14,"37":75.12,"38":74.38,"39":76.1,"40":76.12,"41":76.55,"42":76.22,"43":75.08,"44":74.82,"45":76.54,"46":76.73,