{"Epoch":{"0":1,"1":2,"2":3,"3":4,"4":5,"5":6,"6":7,"7":8,"8":9,"9":10,"10":11,"11":12,"12":13,"13":14,"14":15,"15":16,"16":17,"17":18,"18":19,"19":20,"20":21,"21":22,"22":23,"23":24,"24":25,"25":26,"26":27,"27":28,"28":29,"29":30,"30":31,"31":32,"32":33,"33":34,"34":35,"35":36,"36":37,"37":38,"38":39,"39":40,"40":41,"41":42,"42":43,"43":44,"44":45,"45":46,"46":47,"47":48,"48":49,"49":50,"50":51,"51":52,"52":53,"53":54,"54":55,"55":56,"56":57,"57":58,"58":59,"59":60,"60":61,"61":62,"62":63,"63":64,"64":65,"65":66,"66":67,"67":68,"68":69,"69":70,"70":71,"71":72,"72":73,"73":74,"74":75,"75":76,"76":77,"77":78,"78":79,"79":80,"80":81,"81":82,"82":83,"83":84,"84":85,"85":86,"86":87,"87":88,"88":89,"89":90,"90":91,"91":92,"92":93,"93":94,"94":95,"95":96,"96":97,"97":98,"98":99,"99":100},"Train Loss":{"0":0.0190330134,"1":0.0094648354,"2":0.0099372897,"3":0.0097926938,"4":0.0083980572,"5":0.0079285394,"6":0.0074487157,"7":0.0070778072,"8":0.0068632809,"9":0.006591794,"10":0.0065042327,"11":0.006330997,"12":0.0062321852,"13":0.0062092786,"14":0.0060060082,"15":0.0059290543,"16":0.0059049611,"17":0.0057364856,"18":0.0056617355,"19":0.0056238545,"20":0.0055146939,"21":0.0055159953,"22":0.0054511699,"23":0.0053945559,"24":0.0053542924,"25":0.0053325731,"26":0.0052913788,"27":0.0052969673,"28":0.0052302969,"29":0.0051815844,"30":0.0051764725,"31":0.0051619504,"32":0.0052078444,"33":0.005103624,"34":0.0050586094,"35":0.004993583,"36":0.0049723797,"37":0.004966485,"38":0.004990139,"39":0.0050361298,"40":0.0049955552,"41":0.0049179453,"42":0.0049270501,"43":0.0048904627,"44":0.0049078556,"45":0.0048611371,"46":0.0048001929,"47":0.0048133876,"48":0.0047966725,"49":0.0047871743,"50":0.0048247152,"51":0.004759563,"52":0.0047732276,"53":0.0047396047,"54":0.0047331566,"55":0.004725054,"56":0.0046875443,"57":0.0046955158,"58":0.0046892693,"59":0.0046603877,"60":0.0046841847,"61":0.0046681867,"62":0.0046958403,"63":0.0046419606,"64":0.0046365042,"65":0.0046588931,"66":0.0046425839,"67":0.0046311084,"68":0.00462029,"69":0.0046059073,"70":0.0046048317,"71":0.0045718369,"72":0.0045535291,"73":0.0045740754,"74":0.004592619,"75":0.0045510703,"76":0.0045610546,"77":0.0045699374,"78":0.004553912,"79":0.0045363186,"80":0.0045284775,"81":0.0044983474,"82":0.0044957332,"83":0.0045065426,"84":0.0045108458,"85":0.0044560218,"86":0.004525897,"87":0.0045006018,"88":0.0044842312,"89":0.0044346406,"90":0.0044831796,"91":0.0044938265,"92":0.0044938633,"93":0.0044499314,"94":0.0044331431,"95":0.0044503629,"96":0.0044434028,"97":0.004449058,"98":0.004452137,"99":0.0044275711},"Train Accuracy":{"0":41.3166666667,"1":59.13,"2":58.2266666667,"3":54.6033333333,"4":60.0433333333,"5":62.675,"6":64.8416666667,"7":66.59,"8":67.545,"9":68.8033333333,"10":69.4016666667,"11":70.4633333333,"12":70.82,"13":71.0033333333,"14":71.5833333333,"15":72.05,"16":72.2483333333,"17":73.0,"18":73.1266666667,"19":73.6133333333,"20":74.3566666667,"21":74.145,"22":74.26,"23":74.54,"24":74.7366666667,"25":74.93,"26":75.1133333333,"27":75.0783333333,"28":75.2983333333,"29":75.5233333333,"30":75.635,"31":75.79,"32":75.4816666667,"33":76.0883333333,"34":76.0833333333,"35":76.495,"36":76.46,"37":76.5133333333,"38":76.54,"39":76.1516666667,"40":76.4733333333,"41":76.775,"42":76.6616666667,"43":76.76,"44":76.855,"45":77.2566666667,"46":77.2366666667,"47":77.2166666667,"48":77.3966666667,"49":77.2733333333,"50":77.2566666667,"51":77.4366666667,"52":77.4266666667,"53":77.57,"54":77.655,"55":77.6033333333,"56":77.725,"57":77.8366666667,"58":77.7233333333,"59":77.9066666667,"60":77.8983333333,"61":77.8483333333,"62":77.78,"63":77.9133333333,"64":78.08,"65":77.915,"66":78.0,"67":78.0366666667,"68":78.1466666667,"69":78.155,"70":78.2016666667,"71":78.3483333333,"72":78.3733333333,"73":78.2833333333,"74":78.435,"75":78.5533333333,"76":78.4983333333,"77":78.3483333333,"78":78.4316666667,"79":78.6816666667,"80":78.6416666667,"81":78.6516666667,"82":78.7733333333,"83":78.47,"84":78.68,"85":78.8066666667,"86":78.7316666667,"87":78.75,"88":78.9766666667,"89":78.995,"90":78.7816666667,"91":78.8183333333,"92":78.6266666667,"93":78.9266666667,"94":79.22,"95":78.9716666667,"96":79.0066666667,"97":78.8683333333,"98":78.85,"99":78.9166666667},"Train Time":{"0":36.98163414,"1":32.9339075089,"2":33.4660041332,"3":32.9312942028,"4":31.4478616714,"5":31.6094486713,"6":32.1833672523,"7":31.9055263996,"8":32.1782889366,"9":31.4051887989,"10":32.8240113258,"11":32.1635189056,"12":32.8062579632,"13":32.3161978722,"14":32.1870303154,"15":31.3934912682,"16":31.7164211273,"17":32.9615161419,"18":31.4610078335,"19":31.5213654041,"20":32.0665128231,"21":32.4628043175,"22":32.7110803127,"23":32.0380589962,"24":32.9694283009,"25":31.6739499569,"26":31.7174346447,"27":31.5489113331,"28":31.6615107059,"29":30.8696045876,"30":30.9189772606,"31":31.645437479,"32":31.1925928593,"33":32.088613987,"34":30.8743953705,"35":31.9240083694,"36":30.8803527355,"37":30.9433274269,"38":31.1930584908,"39":31.2890219688,"40":30.9217820168,"41":30.7850401402,"42":31.7526459694,"43":31.280913353,"44":32.1251373291,"45":31.140232563,"46":31.7287070751,"47":30.8653953075,"48":30.9423599243,"49":31.4917063713,"50":31.3204052448,"51":30.9833424091,"52":30.8370244503,"53":31.9574949741,"54":31.0365395546,"55":32.0950028896,"56":31.1479153633,"57":31.7974262238,"58":30.8171188831,"59":30.8980538845,"60":31.4249513149,"61":31.2214734554,"62":30.8988232613,"63":30.9373526573,"64":32.04459095,"65":31.313046217,"66":31.9507119656,"67":31.1493988037,"68":31.6088087559,"69":30.9437482357,"70":30.9098412991,"71":31.6650052071,"72":31.1080579758,"73":30.9637813568,"74":30.8272066116,"75":31.8305802345,"76":31.1787030697,"77":32.2132136822,"78":32.2742910385,"79":31.3127067089,"80":30.8279054165,"81":31.0688509941,"82":31.7908632755,"83":30.9423961639,"84":30.8637447357,"85":31.104010582,"86":31.9045586586,"87":31.5298876762,"88":31.5350189209,"89":31.5539615154,"90":31.3977804184,"91":30.9888432026,"92":31.2789723873,"93":32.2017652988,"94":30.7966873646,"95":31.0643529892,"96":31.1446073055,"97":31.5655295849,"98":31.6093347073,"99":31.2706437111},"Test Loss":{"0":0.0689209867,"1":0.005222285,"2":0.0107053684,"3":0.0066925604,"4":0.0050756747,"5":0.0052505601,"6":0.0046136073,"7":0.0044881412,"8":0.004787022,"9":0.004355061,"10":0.0039854193,"11":0.0038800133,"12":0.0036575591,"13":0.0038265095,"14":0.0036323221,"15":0.0038511059,"16":0.0033719698,"17":0.0031192183,"18":0.0033216033,"19":0.0034120417,"20":0.0031701204,"21":0.0032526925,"22":0.0035020998,"23":0.0031952115,"24":0.0032197268,"25":0.0032118613,"26":0.0033704744,"27":0.003856889,"28":0.0032850594,"29":0.0031278938,"30":0.003258823,"31":0.0034027891,"32":0.0029578167,"33":0.003507399,"34":0.0031889401,"35":0.0028882319,"36":0.0033607468,"37":0.0027843335,"38":0.0030145037,"39":0.0031027604,"40":0.0028569665,"41":0.0031143346,"42":0.0031594581,"43":0.0037681651,"44":0.0030828835,"45":0.0029108367,"46":0.0026226222,"47":0.0032682943,"48":0.0031686674,"49":0.0025793991,"50":0.0031515813,"51":0.0028470966,"52":0.0028586648,"53":0.0027411462,"54":0.0037356518,"55":0.0028625907,"56":0.0029351614,"57":0.0029072239,"58":0.0028498571,"59":0.0024910029,"60":0.0042061875,"61":0.0026972984,"62":0.0028169853,"63":0.0026931907,"64":0.0030462315,"65":0.0028670975,"66":0.0026463901,"67":0.0028277468,"68":0.0029619759,"69":0.002573862,"70":0.002731325,"71":0.0027915063,"72":0.0028951462,"73":0.0026742537,"74":0.0025036099,"75":0.0026644549,"76":0.0029765678,"77":0.0050984692,"78":0.0027584019,"79":0.0024996287,"80":0.0026920886,"81":0.0024755547,"82":0.0024709615,"83":0.0030601976,"84":0.0029309079,"85":0.0028208232,"86":0.0035494887,"87":0.0025910366,"88":0.002948108,"89":0.0025476905,"90":0.0027025017,"91":0.0027207214,"92":0.0030018235,"93":0.0025085922,"94":0.0026484091,"95":0.0032055426,"96":0.0036635187,"97":0.0027938044,"98":0.003682756,"99":0.0025005838},"Test Accuracy":{"0":59.6,"1":74.78,"2":52.88,"3":68.28,"4":75.64,"5":75.07,