{"Epoch":{"0":1,"1":2,"2":3,"3":4,"4":5,"5":6,"6":7,"7":8,"8":9,"9":10,"10":11,"11":12,"12":13,"13":14,"14":15,"15":16,"16":17,"17":18,"18":19,"19":20,"20":21,"21":22,"22":23,"23":24,"24":25,"25":26,"26":27,"27":28,"28":29,"29":30,"30":31,"31":32,"32":33,"33":34,"34":35,"35":36,"36":37,"37":38,"38":39,"39":40,"40":41,"41":42,"42":43,"43":44,"44":45,"45":46,"46":47,"47":48,"48":49,"49":50,"50":51,"51":52,"52":53,"53":54,"54":55,"55":56,"56":57,"57":58,"58":59,"59":60,"60":61,"61":62,"62":63,"63":64,"64":65,"65":66,"66":67,"67":68,"68":69,"69":70,"70":71,"71":72,"72":73,"73":74,"74":75,"75":76,"76":77,"77":78,"78":79,"79":80,"80":81,"81":82,"82":83,"83":84,"84":85,"85":86,"86":87,"87":88,"88":89,"89":90,"90":91,"91":92,"92":93,"93":94,"94":95,"95":96,"96":97,"97":98,"98":99,"99":100},"Train Loss":{"0":0.0254860306,"1":0.0120671412,"2":0.009352625,"3":0.0080701995,"4":0.0073748782,"5":0.0068713306,"6":0.0066223015,"7":0.0063904355,"8":0.0062416655,"9":0.0060286792,"10":0.0058978781,"11":0.005805484,"12":0.0056961129,"13":0.0056119575,"14":0.0055988478,"15":0.0054852449,"16":0.0054388314,"17":0.0053316771,"18":0.0052923615,"19":0.0052432402,"20":0.0052572767,"21":0.0051594473,"22":0.0051550402,"23":0.0051424815,"24":0.0050774229,"25":0.0050192439,"26":0.0050101496,"27":0.0050176504,"28":0.0049862232,"29":0.0049681821,"30":0.0048781967,"31":0.0049049122,"32":0.0049159977,"33":0.004831789,"34":0.004822345,"35":0.0048174759,"36":0.0048600005,"37":0.0047921306,"38":0.0047750872,"39":0.004781781,"40":0.0047286495,"41":0.0047641088,"42":0.004711168,"43":0.0047221274,"44":0.0046541672,"45":0.0047230273,"46":0.0046648321,"47":0.0046692885,"48":0.0046222051,"49":0.0046064111,"50":0.0046398557,"51":0.0045760177,"52":0.0046054669,"53":0.0045497312,"54":0.004581569,"55":0.0045301383,"56":0.0044986929,"57":0.0044951532,"58":0.0045149587,"59":0.0044858011,"60":0.0045012544,"61":0.0045280996,"62":0.0044954604,"63":0.0044837878,"64":0.0044376605,"65":0.0044125538,"66":0.0044448974,"67":0.0044756701,"68":0.0044622115,"69":0.0044614705,"70":0.0044309977,"71":0.0044283094,"72":0.0044245054,"73":0.0044260441,"74":0.0043659365,"75":0.0043871629,"76":0.0043816055,"77":0.0043761607,"78":0.0043798571,"79":0.0043647982,"80":0.0043627603,"81":0.0043660687,"82":0.0043426118,"83":0.0043097205,"84":0.0042908248,"85":0.0043472862,"86":0.0043061636,"87":0.0043234769,"88":0.0043384989,"89":0.0043434973,"90":0.0043380357,"91":0.0043112581,"92":0.0043054606,"93":0.0042960103,"94":0.0042644971,"95":0.0042439775,"96":0.0042527578,"97":0.0042613891,"98":0.0042334957,"99":0.0042734719},"Train Accuracy":{"0":32.2366666667,"1":54.6883333333,"2":59.7466666667,"3":63.3433333333,"4":65.8333333333,"5":67.5883333333,"6":68.7033333333,"7":69.7216666667,"8":70.4783333333,"9":71.635,"10":72.1966666667,"11":72.435,"12":73.1316666667,"13":73.415,"14":73.4616666667,"15":74.2016666667,"16":74.18,"17":74.9216666667,"18":74.77,"19":75.2583333333,"20":75.2033333333,"21":75.7583333333,"22":75.5933333333,"23":75.895,"24":76.065,"25":76.4166666667,"26":76.2133333333,"27":76.4633333333,"28":76.545,"29":76.6766666667,"30":76.79,"31":76.83,"32":76.8716666667,"33":77.36,"34":77.3716666667,"35":77.215,"36":77.165,"37":77.3916666667,"38":77.585,"39":77.4333333333,"40":77.61,"41":77.5316666667,"42":77.8616666667,"43":77.8983333333,"44":78.0016666667,"45":77.7916666667,"46":77.9283333333,"47":77.9266666667,"48":78.1433333333,"49":78.2583333333,"50":78.0516666667,"51":78.45,"52":78.295,"53":78.6266666667,"54":78.3933333333,"55":78.745,"56":78.84,"57":78.6083333333,"58":78.6983333333,"59":79.0116666667,"60":78.9416666667,"61":78.575,"62":78.9666666667,"63":78.9833333333,"64":78.9483333333,"65":78.99,"66":79.0933333333,"67":78.905,"68":78.9433333333,"69":78.9066666667,"70":79.1216666667,"71":79.025,"72":79.2383333333,"73":79.255,"74":79.425,"75":79.2283333333,"76":79.2466666667,"77":79.4633333333,"78":79.4983333333,"79":79.5116666667,"80":79.2816666667,"81":79.5033333333,"82":79.5016666667,"83":79.6816666667,"84":79.8116666667,"85":79.7816666667,"86":79.8516666667,"87":79.595,"88":79.5633333333,"89":79.5483333333,"90":79.495,"91":79.74,"92":79.705,"93":79.7233333333,"94":79.805,"95":79.895,"96":79.8583333333,"97":79.9366666667,"98":80.0816666667,"99":79.99},"Train Time":{"0":50.3326392174,"1":49.7297518253,"2":52.4332625866,"3":50.517308712,"4":51.1515276432,"5":51.5253412724,"6":52.617906332,"7":53.4802598953,"8":52.6770699024,"9":50.8739449978,"10":50.0198976994,"11":51.3025174141,"12":51.8823907375,"13":52.8118462563,"14":52.1359465122,"15":52.0838680267,"16":50.4720199108,"17":50.9025201797,"18":51.6970691681,"19":52.445079565,"20":53.7883501053,"21":52.9975781441,"22":52.0166254044,"23":50.5422234535,"24":51.6741187572,"25":49.8976998329,"26":48.8184597492,"27":48.5205798149,"28":48.6220524311,"29":48.7396838665,"30":48.6982700825,"31":49.0291657448,"32":48.445567131,"33":48.8318374157,"34":48.6189408302,"35":48.7456583977,"36":48.8508999348,"37":48.2389221191,"38":48.8615133762,"39":48.4006960392,"40":48.4914557934,"41":48.50654459,"42":48.6827244759,"43":48.2395102978,"44":48.2643666267,"45":48.0537462234,"46":48.4860570431,"47":48.7116799355,"48":49.4324636459,"49":48.7521748543,"50":32.7999377251,"51":44.4592649937,"52":51.795525074,"53":52.2702860832,"54":51.7751221657,"55":52.620882988,"56":52.2457339764,"57":51.8899576664,"58":51.819811821,"59":52.2094070911,"60":51.8864786625,"61":52.288408041,"62":52.5850906372,"63":51.893232584,"64":51.7306292057,"65":52.0336077213,"66":52.1740868092,"67":51.5721702576,"68":52.2450902462,"69":52.231585741,"70":52.4115805626,"71":51.6732821465,"72":52.3108348846,"73":51.9490208626,"74":52.0837841034,"75":52.2124738693,"76":52.3336741924,"77":78.7747411728,"78":85.4610040188,"79":85.4351422787,"80":85.31604743,"81":85.8366119862,"82":85.3122918606,"83":85.2772941589,"84":85.7763271332,"85":84.9055294991,"86":85.4831116199,"87":85.7283504009,"88":84.3238041401,"89":84.4647276402,"90":84.42796731,"91":84.5374019146,"92":83.8795351982,"93":84.2524650097,"94":84.5686044693,"95":84.370105505,"96":84.1765477657,"97":84.3665013313,"98":84.8682887554,"99":84.4391646385},"Test Loss":{"0":0.0093788859,"1":0.0063583868,"2":0.0056681437,"3":0.0050621085,"4":0.004652835,"5":0.0042689085,"6":0.004579185,"7":0.003990335,"8":0.0038061027,"9":0.0037028172,"10":0.0035840358,"11":0.003767185,"12":0.0038613225,"13":0.003518412,"14":0.0030467461,"15":0.0038510601,"16":0.0029425457,"17":0.0035386171,"18":0.0035261171,"19":0.0029149107,"20":0.0033644022,"21":0.0030293963,"22":0.0030417201,"23":0.0031788656,"24":0.0036039657,"25":0.002985189,"26":0.0026646502,"27":0.0028940439,"28":0.0026934191,"29":0.003412562,"30":0.0027099061,"31":0.002741699,"32":0.0029167184,"33":0.0031697773,"34":0.0029216236,"35":0.0026957474,"36":0.0032787197,"37":0.0030555945,"38":0.0027830257,"39":0.0043297717,"40":0.0026129599,"41":0.0030172793,"42":0.0028090447,"43":0.0027442568,"44":0.0033459999,"45":0.002845184,"46":0.0033963544,"47":0.0026614211,"48":0.002769398,"49":0.0032071952,"50":0.0028410395,"51":0.0028360271,"52":0.0026728954,"53":0.0025251054,"54":0.0029803371,"55":0.0026631236,"56":0.0028990765,"57":0.0030174662,"58":0.0028848702,"59":0.0025551249,"60":0.0030154499,"61":0.0032153792,"62":0.0027173762,"63":0.0026403165,"64":0.0028537117,"65":0.0026056032,"66":0.0031175103,"67":0.0024736016,"68":0.0028917462,"69":0.0028594874,"70":0.0027887229,"71":0.0024684641,"72":0.0030815701,"73":0.0026774258,"74":0.0034346539,"75":0.0026257952,"76":0.0026448623,"77":0.0023092151,"78":0.0026219841,"79":0.0027342742,"80":0.0024694874,"81":0.0029162451,"82":0.0025876166,"83":0.0026797752,"84":0.0032770751,"85":0.0025128985,"86":0.0025085875,"87":0.0033585263,"88":0.0026951162,"89":0.002533539,"90":0.0039675574,"91":0.002882991,"92":0.0025007651,"93":0.0029146505,"94":0.0024367997,"95":0.0023893648,"96":0.0025284755,"97":0.0025769248,"98":0.0026382719,"99":0.0026448134},"Test Accuracy":{"0":54.48,"1":69.24,"2":70.98,