{"Epoch":{"0":1,"1":2,"2":3,"3":4,"4":5,"5":6,"6":7,"7":8,"8":9,"9":10,"10":11,"11":12,"12":13,"13":14,"14":15,"15":16,"16":17,"17":18,"18":19,"19":20,"20":21,"21":22,"22":23,"23":24,"24":25,"25":26,"26":27,"27":28,"28":29,"29":30,"30":31,"31":32,"32":33,"33":34,"34":35,"35":36,"36":37,"37":38,"38":39,"39":40,"40":41,"41":42,"42":43,"43":44,"44":45,"45":46,"46":47,"47":48,"48":49,"49":50,"50":51,"51":52,"52":53,"53":54,"54":55,"55":56,"56":57,"57":58,"58":59,"59":60,"60":61,"61":62,"62":63,"63":64,"64":65,"65":66,"66":67,"67":68,"68":69,"69":70,"70":71,"71":72,"72":73,"73":74,"74":75,"75":76,"76":77,"77":78,"78":79,"79":80,"80":81,"81":82,"82":83,"83":84,"84":85,"85":86,"86":87,"87":88,"88":89,"89":90,"90":91,"91":92,"92":93,"93":94,"94":95,"95":96,"96":97,"97":98,"98":99,"99":100},"Train Loss":{"0":0.0228833016,"1":0.0116845836,"2":0.0096304509,"3":0.0087750961,"4":0.0081718572,"5":0.0078226269,"6":0.0074984295,"7":0.0072587119,"8":0.0070644132,"9":0.0069068397,"10":0.0066984208,"11":0.0065784757,"12":0.0064318373,"13":0.0063202177,"14":0.0062233851,"15":0.0061211355,"16":0.0060300716,"17":0.0059503901,"18":0.0058352498,"19":0.0058593133,"20":0.0057181558,"21":0.0057556393,"22":0.0056576609,"23":0.0055749908,"24":0.0055483686,"25":0.0054674711,"26":0.0054593069,"27":0.0053787737,"28":0.0053806869,"29":0.0055276857,"30":0.0054950006,"31":0.0053075583,"32":0.0052806693,"33":0.0052067997,"34":0.0052296434,"35":0.0051368871,"36":0.0051941798,"37":0.0055993896,"38":0.0051958131,"39":0.0050966153,"40":0.0050407869,"41":0.0050149519,"42":0.0050222373,"43":0.0049194613,"44":0.0049114519,"45":0.0048859929,"46":0.0049024,"47":0.004886621,"48":0.0048423086,"49":0.0048315624,"50":0.0048622698,"51":0.0047873777,"52":0.0048185359,"53":0.0047844489,"54":0.0047030011,"55":0.004750585,"56":0.0047251363,"57":0.0047052614,"58":0.0046961098,"59":0.0047365863,"60":0.004707947,"61":0.0047205331,"62":0.0046677057,"63":0.004628942,"64":0.0046175556,"65":0.0046431819,"66":0.0046097296,"67":0.0045978876,"68":0.0045689458,"69":0.0045992367,"70":0.0045797097,"71":0.0045664109,"72":0.0045769486,"73":0.0045539795,"74":0.0045781662,"75":0.0045508845,"76":0.0045796302,"77":0.004551694,"78":0.0044964388,"79":0.0044944495,"80":0.0045401554,"81":0.0045281206,"82":0.0044679811,"83":0.0044762127,"84":0.0044875419,"85":0.0044813618,"86":0.0044684563,"87":0.0044798398,"88":0.0044370775,"89":0.0044667895,"90":0.0044632647,"91":0.0044116651,"92":0.0044214964,"93":0.0044577191,"94":0.0043914117,"95":0.0044187499,"96":0.0043939659,"97":0.0044393891,"98":0.0043757687,"99":0.0043570831},"Train Accuracy":{"0":28.5383333333,"1":45.7833333333,"2":53.9733333333,"3":57.65,"4":60.7966666667,"5":62.8,"6":64.6133333333,"7":65.78,"8":66.7816666667,"9":67.4033333333,"10":68.6033333333,"11":69.16,"12":69.6816666667,"13":70.1633333333,"14":70.435,"15":71.295,"16":71.5066666667,"17":72.1766666667,"18":72.4466666667,"19":72.6033333333,"20":73.075,"21":72.9666666667,"22":73.4383333333,"23":73.8083333333,"24":73.7666666667,"25":74.1783333333,"26":74.3316666667,"27":74.6383333333,"28":74.6433333333,"29":73.9716666667,"30":74.2916666667,"31":75.18,"32":75.115,"33":75.3766666667,"34":75.3466666667,"35":75.8383333333,"36":75.6183333333,"37":73.4383333333,"38":75.6983333333,"39":76.075,"40":76.1333333333,"41":76.2716666667,"42":76.2166666667,"43":76.8283333333,"44":76.9333333333,"45":76.925,"46":76.825,"47":77.0983333333,"48":77.16,"49":77.0633333333,"50":76.975,"51":77.4616666667,"52":77.24,"53":77.5216666667,"54":77.875,"55":77.8583333333,"56":77.7183333333,"57":77.7416666667,"58":78.075,"59":77.455,"60":77.6966666667,"61":77.8583333333,"62":78.0316666667,"63":78.215,"64":78.125,"65":78.1383333333,"66":78.0533333333,"67":78.3683333333,"68":78.3816666667,"69":78.265,"70":78.1266666667,"71":78.69,"72":78.4283333333,"73":78.4466666667,"74":78.2833333333,"75":78.485,"76":78.5283333333,"77":78.5733333333,"78":78.7466666667,"79":78.8683333333,"80":78.7166666667,"81":78.6983333333,"82":78.9366666667,"83":79.0633333333,"84":78.7,"85":78.8483333333,"86":78.9566666667,"87":78.9133333333,"88":79.1283333333,"89":78.9533333333,"90":78.9633333333,"91":79.1,"92":79.145,"93":78.895,"94":79.3466666667,"95":79.2166666667,"96":79.215,"97":79.0533333333,"98":79.3716666667,"99":79.4933333333},"Train Time":{"0":51.2429180145,"1":51.8743066788,"2":51.9231483936,"3":51.8041069508,"4":52.2020335197,"5":52.0003151894,"6":51.9193153381,"7":51.7352654934,"8":51.6739544868,"9":51.9299573898,"10":52.3061311245,"11":52.3676838875,"12":51.4280304909,"13":51.8420689106,"14":51.804930687,"15":51.7247784138,"16":51.4939129353,"17":52.4801664352,"18":51.9921689034,"19":51.9305963516,"20":51.7115213871,"21":51.7701015472,"22":51.8675570488,"23":52.016115427,"24":52.1031675339,"25":56.2738876343,"26":79.1374232769,"27":81.1231269836,"28":81.128426075,"29":81.241508007,"30":80.8227007389,"31":81.2639305592,"32":81.1427531242,"33":80.9028871059,"34":80.8658316135,"35":81.1938421726,"36":81.105026722,"37":79.4662821293,"38":79.392090559,"39":79.596971035,"40":79.9096944332,"41":80.1132564545,"42":79.4322712421,"43":79.4822719097,"44":79.8588426113,"45":80.4624984264,"46":79.6242907047,"47":79.1689667702,"48":79.6429226398,"49":79.9794032574,"50":60.2624187469,"51":59.4970009327,"52":59.5263161659,"53":59.813683033,"54":60.098896265,"55":60.1130218506,"56":60.4382576942,"57":59.4544415474,"58":59.8767385483,"59":60.3056638241,"60":59.9960365295,"61":60.4549331665,"62":59.9185869694,"63":59.6971321106,"64":59.8657839298,"65":59.4863512516,"66":59.9514327049,"67":59.8864655495,"68":59.6840467453,"69":59.7133796215,"70":60.3629641533,"71":59.8701610565,"72":60.4020097256,"73":60.5014960766,"74":60.0501246452,"75":59.688529253,"76":60.3715438843,"77":60.2852463722,"78":60.3574225903,"79":59.5975968838,"80":59.6174514294,"81":59.9189908504,"82":59.938729763,"83":60.1826527119,"84":60.4161400795,"85":59.7983543873,"86":59.697704792,"87":60.0514965057,"88":59.9352400303,"89":59.95814538,"90":60.3600947857,"91":59.6531629562,"92":59.7511036396,"93":60.8496921062,"94":59.8711965084,"95":60.1487185955,"96":60.1055259705,"97":59.6376905441,"98":60.3089990616,"99":59.7328679562},"Test Loss":{"0":0.0131353007,"1":0.0088115119,"2":0.0066752342,"3":0.0055991625,"4":0.0051912743,"5":0.0050049968,"6":0.0049061504,"7":0.0044675098,"8":0.0041873252,"9":0.0043486812,"10":0.0037609395,"11":0.003895792,"12":0.0039772731,"13":0.0034719579,"14":0.0041547094,"15":0.0038166088,"16":0.004017874,"17":0.0037065175,"18":0.0034175148,"19":0.0033826488,"20":0.0034299213,"21":0.0034482446,"22":0.0034085025,"23":0.0037406378,"24":0.0035774467,"25":0.0037777273,"26":0.0040021154,"27":0.0033049009,"28":0.0031020712,"29":0.0036439259,"30":0.0032093518,"31":0.0033051297,"32":0.0033777721,"33":0.0030978136,"34":0.0033000435,"35":0.0031167362,"36":0.0029792927,"37":0.0029728639,"38":0.003251617,"39":0.0027370757,"40":0.0028299134,"41":0.0030695692,"42":0.0036031764,"43":0.0028708533,"44":0.0029555638,"45":0.0031102893,"46":0.0030686485,"47":0.003432936,"48":0.0027878368,"49":0.003082815,"50":0.003032088,"51":0.0027766768,"52":0.0029413593,"53":0.0026722928,"54":0.0027157091,"55":0.0030485827,"56":0.0028300102,"57":0.0029940271,"58":0.0031388949,"59":0.0027811555,"60":0.0031898151,"61":0.0027556828,"62":0.002762667,"63":0.0034279545,"64":0.0027345103,"65":0.0026956361,"66":0.0031348989,"67":0.0027569885,"68":0.00319173,"69":0.0027632258,"70":0.0032285814,"71":0.0028414188,"72":0.0027976969,"73":0.0029453325,"74":0.002922325,"75":0.0025102234,"76":0.0028198391,"77":0.0024890528,"78":0.0026440371,"79":0.0026138856,"80":0.0025987706,"81":0.0029083739,"82":0.0031694078,"83":0.0026340059,"84":0.0025347509,"85":0.0033324503,"86":0.0025746084,"87":0.0026950372,"88":0.0027261459,"89":0.002924313,"90":0.0024389745,"91":0.0031992122,"92":0.0027913924,"93":0.0026847288,"94":0.0027805855,"95":0.002550086,"96":0.0025860825,"97":0.0028974274,"98":0.0024975438,"99":0.0026818294},"Test Accuracy":{"0":44.92,