{"Epoch":{"0":1,"1":2,"2":3,"3":4,"4":5,"5":6,"6":7,"7":8,"8":9,"9":10,"10":11,"11":12,"12":13,"13":14,"14":15,"15":16,"16":17,"17":18,"18":19,"19":20,"20":21,"21":22,"22":23,"23":24,"24":25,"25":26,"26":27,"27":28,"28":29,"29":30,"30":31,"31":32,"32":33,"33":34,"34":35,"35":36,"36":37,"37":38,"38":39,"39":40,"40":41,"41":42,"42":43,"43":44,"44":45,"45":46,"46":47,"47":48,"48":49,"49":50,"50":51,"51":52,"52":53,"53":54,"54":55,"55":56,"56":57,"57":58,"58":59,"59":60,"60":61,"61":62,"62":63,"63":64,"64":65,"65":66,"66":67,"67":68,"68":69,"69":70,"70":71,"71":72,"72":73,"73":74,"74":75,"75":76,"76":77,"77":78,"78":79,"79":80,"80":81,"81":82,"82":83,"83":84,"84":85,"85":86,"86":87,"87":88,"88":89,"89":90,"90":91,"91":92,"92":93,"93":94,"94":95,"95":96,"96":97,"97":98,"98":99,"99":100},"Train Loss":{"0":0.0173405754,"1":0.0036618214,"2":0.0017777816,"3":0.0011906822,"4":0.0008908576,"5":0.000730417,"6":0.0006370079,"7":0.0005849646,"8":0.0005388765,"9":0.0005501135,"10":0.0004773789,"11":0.000468681,"12":0.0004539031,"13":0.0003987403,"14":0.0003933726,"15":0.0003991443,"16":0.0003877767,"17":0.0003641305,"18":0.0003396348,"19":0.0003275715,"20":0.0003386632,"21":0.0003319526,"22":0.0003396417,"23":0.0003078721,"24":0.000328043,"25":0.0003156004,"26":0.0003096963,"27":0.0003116921,"28":0.0003181259,"29":0.0003218284,"30":0.0002980672,"31":0.0002846028,"32":0.0002898287,"33":0.0002817398,"34":0.0002855638,"35":0.0002962577,"36":0.000281029,"37":0.0002710169,"38":0.0002963301,"39":0.0002781624,"40":0.0002918841,"41":0.000272433,"42":0.0003077746,"43":0.0002766835,"44":0.0003227349,"45":0.000289913,"46":0.0002876447,"47":0.0002904398,"48":0.0002641539,"49":0.0002749832,"50":0.0002942837,"51":0.0002650863,"52":0.0002711735,"53":0.0002621676,"54":0.0002683417,"55":0.0002747093,"56":0.0002751279,"57":0.0002711623,"58":0.0002716623,"59":0.0002757069,"60":0.000273676,"61":0.0002628606,"62":0.0002761669,"63":0.0002868935,"64":0.0002787005,"65":0.0002674615,"66":0.0002850822,"67":0.0002662441,"68":0.0002639077,"69":0.0002583924,"70":0.0002677544,"71":0.000267022,"72":0.0002663272,"73":0.0002576496,"74":0.0002784858,"75":0.0002511373,"76":0.000263911,"77":0.0002743815,"78":0.0002558298,"79":0.0002527788,"80":0.00026731,"81":0.000252049,"82":0.0002420286,"83":0.0002597282,"84":0.0002437517,"85":0.0002760953,"86":0.0002563828,"87":0.0002616419,"88":0.0002543227,"89":0.0002487993,"90":0.0002521059,"91":0.000245326,"92":0.0002395899,"93":0.0002669051,"94":0.0002545486,"95":0.0002403721,"96":0.0002552373,"97":0.000232049,"98":0.0002543158,"99":0.0002748908},"Train Accuracy":{"0":59.4833333333,"1":87.3366666667,"2":93.3916666667,"3":95.2816666667,"4":96.4983333333,"5":97.0366666667,"6":97.4516666667,"7":97.635,"8":97.775,"9":97.8833333333,"10":98.12,"11":98.11,"12":98.2166666667,"13":98.3566666667,"14":98.3633333333,"15":98.395,"16":98.4033333333,"17":98.525,"18":98.6166666667,"19":98.685,"20":98.6316666667,"21":98.675,"22":98.5683333333,"23":98.7,"24":98.62,"25":98.7083333333,"26":98.745,"27":98.7566666667,"28":98.7016666667,"29":98.7083333333,"30":98.79,"31":98.84,"32":98.7916666667,"33":98.8933333333,"34":98.8383333333,"35":98.78,"36":98.8866666667,"37":98.885,"38":98.805,"39":98.9016666667,"40":98.845,"41":98.9316666667,"42":98.7466666667,"43":98.8783333333,"44":98.685,"45":98.8566666667,"46":98.8683333333,"47":98.7983333333,"48":98.9183333333,"49":98.93,"50":98.79,"51":98.9366666667,"52":98.8466666667,"53":98.9366666667,"54":98.95,"55":98.9,"56":98.895,"57":98.86,"58":98.885,"59":98.88,"60":98.94,"61":98.965,"62":98.8633333333,"63":98.8183333333,"64":98.885,"65":98.89,"66":98.885,"67":98.925,"68":98.96,"69":98.995,"70":98.9116666667,"71":98.96,"72":98.9666666667,"73":98.965,"74":98.8416666667,"75":98.9933333333,"76":98.9383333333,"77":98.8733333333,"78":98.975,"79":98.96,"80":98.9016666667,"81":98.985,"82":99.0466666667,"83":98.9583333333,"84":99.035,"85":98.895,"86":98.9666666667,"87":98.9266666667,"88":98.9716666667,"89":99.0116666667,"90":99.0083333333,"91":98.9816666667,"92":99.0016666667,"93":98.9483333333,"94":98.9533333333,"95":99.0433333333,"96":99.0133333333,"97":99.0966666667,"98":98.9566666667,"99":98.8733333333},"Train Time":{"0":28.2851948738,"1":27.6206490993,"2":27.1477954388,"3":27.2426066399,"4":27.9255542755,"5":27.6905555725,"6":27.2567505836,"7":27.2342829704,"8":27.5860199928,"9":27.9190680981,"10":27.9460499287,"11":28.0079565048,"12":27.7117948532,"13":27.9076411724,"14":27.1969327927,"15":27.243878603,"16":27.5937204361,"17":28.0350046158,"18":27.2475807667,"19":27.2225654125,"20":27.545899868,"21":28.22275424,"22":27.7263379097,"23":28.3903312683,"24":27.5496375561,"25":28.3300952911,"26":27.1632633209,"27":27.334600687,"28":27.2156844139,"29":28.2350010872,"30":27.2066364288,"31":27.2998635769,"32":27.2446186543,"33":28.3588225842,"34":27.4446225166,"35":28.6385734081,"36":27.313521862,"37":28.4934425354,"38":27.0367269516,"39":27.3687605858,"40":27.3089127541,"41":28.1934227943,"42":27.5056855679,"43":27.1823530197,"44":27.1555876732,"45":28.338914156,"46":27.5659675598,"47":28.3514134884,"48":27.5174202919,"49":28.0684087276,"50":27.3437380791,"51":27.3383276463,"52":27.3430657387,"53":27.8928024769,"54":27.6030468941,"55":27.227483511,"56":27.1089949608,"57":27.9549117088,"58":27.9694776535,"59":28.0137455463,"60":27.7582809925,"61":27.7763569355,"62":27.9032742977,"63":27.0869295597,"64":27.3113183975,"65":27.6767714024,"66":27.9403867722,"67":27.1443276405,"68":27.3136122227,"69":27.5285470486,"70":28.2266306877,"71":27.6429257393,"72":28.8642554283,"73":28.7676489353,"74":28.1618151665,"75":27.205537796,"76":27.314864397,"77":27.4773921967,"78":28.2354393005,"79":27.2403023243,"80":27.155693531,"81":27.2219831944,"82":28.3961017132,"83":27.3480472565,"84":28.8631465435,"85":27.3797600269,"86":28.6182098389,"87":27.148191452,"88":27.4481940269,"89":27.2727096081,"90":28.4037451744,"91":27.223253727,"92":27.1791288853,"93":27.1963181496,"94":28.4021074772,"95":27.3983547688,"96":28.1523659229,"97":27.2818853855,"98":28.11490798,"99":27.116809845},"Test Loss":{"0":0.0111361909,"1":0.0045208573,"2":0.0013772846,"3":0.0008274813,"4":0.0006615844,"5":0.0005596666,"6":0.0005649343,"7":0.0005277957,"8":0.0004179278,"9":0.0004752065,"10":0.0004449549,"11":0.0003884181,"12":0.0003426459,"13":0.0004017411,"14":0.0004243648,"15":0.0003507734,"16":0.0004337143,"17":0.000344198,"18":0.0002947275,"19":0.0003312866,"20":0.0003389127,"21":0.000369036,"22":0.00024159,"23":0.0004977135,"24":0.0003225195,"25":0.0003400512,"26":0.0003046867,"27":0.0004119261,"28":0.0002583494,"29":0.0002737272,"30":0.0003491337,"31":0.0002537068,"32":0.0002996368,"33":0.0002721188,"34":0.0002518654,"35":0.0002792204,"36":0.0003681326,"37":0.0002638239,"38":0.0002970393,"39":0.0002643064,"40":0.0003235897,"41":0.000325788,"42":0.0002977079,"43":0.0003910337,"44":0.000421114,"45":0.0003232077,"46":0.0003547758,"47":0.0003182112,"48":0.0003482473,"49":0.0002750272,"50":0.000263915,"51":0.0002462858,"52":0.000274824,"53":0.0002350596,"54":0.0003360308,"55":0.0002889834,"56":0.0002554089,"57":0.00031463,"58":0.0002989063,"59":0.0003249986,"60":0.0003003646,"61":0.0003057258,"62":0.0002581405,"63":0.0005273103,"64":0.0002303798,"65":0.0003918954,"66":0.0002726604,"67":0.0003159189,"68":0.0003108611,"69":0.0003019168,"70":0.0002536038,"71":0.0002359027,"72":0.0002615841,"73":0.0002215954,"74":0.0002563228,"75":0.0002844795,"76":0.0003259572,"77":0.0003403758,"78":0.0001864358,"79":0.0003152465,"80":0.0002821433,"81":0.0003477801,"82":0.0003134459,"83":0.0002856132,"84":0.0003606025,"85":0.0002638846,"86":0.0004235591,"87":0.0003342967,"88":0.0002003276,"89":0.000278085,"90":0.0002182378,"91":0.0002241477,"92":0.0003869281,"93":0.0002630734,"94":0.0002699339,"95":0.0002034871,"96":0.0002735242,"97":0.0003161093,"98":0.0003484643,"99":0.0002419229},"Test Accuracy":{"0":53.99,"1":90.76,"2":94.62,"3":96.83,"4":97.07,"5":97.71,"6":97.6,"7":97.81,"8":98.25,"9":97.89,"10":98.23,