{"Epoch":{"0":1,"1":2,"2":3,"3":4,"4":5,"5":6,"6":7,"7":8,"8":9,"9":10,"10":11,"11":12,"12":13,"13":14,"14":15,"15":16,"16":17,"17":18,"18":19,"19":20,"20":21,"21":22,"22":23,"23":24,"24":25,"25":26,"26":27,"27":28,"28":29,"29":30,"30":31,"31":32,"32":33,"33":34,"34":35,"35":36,"36":37,"37":38,"38":39,"39":40,"40":41,"41":42,"42":43,"43":44,"44":45,"45":46,"46":47,"47":48,"48":49,"49":50,"50":51,"51":52,"52":53,"53":54,"54":55,"55":56,"56":57,"57":58,"58":59,"59":60,"60":61,"61":62,"62":63,"63":64,"64":65,"65":66,"66":67,"67":68,"68":69,"69":70,"70":71,"71":72,"72":73,"73":74,"74":75,"75":76,"76":77,"77":78,"78":79,"79":80,"80":81,"81":82,"82":83,"83":84,"84":85,"85":86,"86":87,"87":88,"88":89,"89":90,"90":91,"91":92,"92":93,"93":94,"94":95,"95":96,"96":97,"97":98,"98":99,"99":100},"Train Loss":{"0":0.015527578,"1":0.0044222078,"2":0.0026751142,"3":0.0018675915,"4":0.001424957,"5":0.0011996461,"6":0.0010199718,"7":0.0009153101,"8":0.0008324838,"9":0.0007782538,"10":0.0007294141,"11":0.0006874206,"12":0.0006393874,"13":0.0006096642,"14":0.0005771472,"15":0.0005501776,"16":0.000537339,"17":0.0005156626,"18":0.0004722591,"19":0.0004628503,"20":0.0004504319,"21":0.0004462235,"22":0.0004315546,"23":0.0004287932,"24":0.0004267704,"25":0.0004097206,"26":0.0003881157,"27":0.0003850846,"28":0.0003731889,"29":0.0003790444,"30":0.0003825472,"31":0.0003677402,"32":0.0003552098,"33":0.0003382852,"34":0.0003614769,"35":0.0003586792,"36":0.0003517093,"37":0.0003472134,"38":0.0003652825,"39":0.0003541124,"40":0.0003384029,"41":0.0003266432,"42":0.0003338591,"43":0.0003423407,"44":0.000343533,"45":0.0003232696,"46":0.0003315613,"47":0.000342794,"48":0.0003217063,"49":0.0003181999,"50":0.0003141993,"51":0.0003104683,"52":0.0003223447,"53":0.0003148801,"54":0.000310538,"55":0.0003207979,"56":0.0003280222,"57":0.0003116247,"58":0.0003038654,"59":0.0003300389,"60":0.0003123993,"61":0.0003242987,"62":0.0003196769,"63":0.000307244,"64":0.0003015719,"65":0.0003043329,"66":0.0003078933,"67":0.0003027731,"68":0.0003015501,"69":0.0002835216,"70":0.0002937415,"71":0.0002967799,"72":0.0002800204,"73":0.0002958696,"74":0.0002823734,"75":0.0002861097,"76":0.0002871225,"77":0.0002928466,"78":0.0002779037,"79":0.0002813301,"80":0.0002675794,"81":0.0002834459,"82":0.0002783081,"83":0.000284855,"84":0.0002854988,"85":0.000272813,"86":0.0002597945,"87":0.0002766178,"88":0.0002651154,"89":0.0002653701,"90":0.0002556344,"91":0.0002626359,"92":0.0002791113,"93":0.0002689138,"94":0.0002755732,"95":0.0002786672,"96":0.0002612319,"97":0.0002582072,"98":0.000245075,"99":0.0002755423},"Train Accuracy":{"0":51.4516666667,"1":81.1433333333,"2":88.98,"3":92.41,"4":94.2583333333,"5":95.1166666667,"6":95.8966666667,"7":96.2516666667,"8":96.5766666667,"9":96.7866666667,"10":97.0633333333,"11":97.1933333333,"12":97.4216666667,"13":97.5166666667,"14":97.6233333333,"15":97.7366666667,"16":97.8266666667,"17":97.8983333333,"18":98.0966666667,"19":98.1033333333,"20":98.13,"21":98.1666666667,"22":98.1866666667,"23":98.2566666667,"24":98.2533333333,"25":98.275,"26":98.4166666667,"27":98.4383333333,"28":98.4883333333,"29":98.43,"30":98.4766666667,"31":98.5066666667,"32":98.5416666667,"33":98.5883333333,"34":98.52,"35":98.5683333333,"36":98.5666666667,"37":98.5933333333,"38":98.495,"39":98.535,"40":98.5766666667,"41":98.6766666667,"42":98.6166666667,"43":98.62,"44":98.595,"45":98.685,"46":98.5866666667,"47":98.59,"48":98.6766666667,"49":98.6866666667,"50":98.695,"51":98.7383333333,"52":98.7033333333,"53":98.7366666667,"54":98.7533333333,"55":98.6483333333,"56":98.645,"57":98.7416666667,"58":98.8133333333,"59":98.655,"60":98.79,"61":98.66,"62":98.7266666667,"63":98.77,"64":98.745,"65":98.7466666667,"66":98.79,"67":98.785,"68":98.7516666667,"69":98.8666666667,"70":98.7883333333,"71":98.81,"72":98.855,"73":98.8316666667,"74":98.8133333333,"75":98.815,"76":98.8016666667,"77":98.8316666667,"78":98.8483333333,"79":98.8783333333,"80":98.8866666667,"81":98.8366666667,"82":98.9016666667,"83":98.7966666667,"84":98.8066666667,"85":98.93,"86":98.9466666667,"87":98.8466666667,"88":98.93,"89":98.9,"90":99.0116666667,"91":98.95,"92":98.86,"93":98.925,"94":98.8566666667,"95":98.835,"96":98.9483333333,"97":99.0066666667,"98":99.005,"99":98.9133333333},"Train Time":{"0":30.8874685764,"1":32.4148955345,"2":32.5457448959,"3":31.6585860252,"4":30.8839170933,"5":29.8467469215,"6":31.2557530403,"7":30.1782193184,"8":30.344337225,"9":31.4333744049,"10":31.2089242935,"11":32.547978878,"12":31.4471890926,"13":32.2112178802,"14":30.8913896084,"15":30.7386152744,"16":31.0893921852,"17":30.6433463097,"18":30.2923192978,"19":31.0990328789,"20":31.6766169071,"21":32.2298092842,"22":32.9207146168,"23":31.7494449615,"24":32.0529167652,"25":30.8920476437,"26":30.7021298409,"27":31.3193871975,"28":30.2798531055,"29":30.2076816559,"30":31.2999103069,"31":32.0675916672,"32":31.5933670998,"33":32.7818257809,"34":32.0139613152,"35":31.5799036026,"36":30.5393671989,"37":27.7415759563,"38":28.6942014694,"39":27.3068571091,"40":27.5602719784,"41":33.3450670242,"42":42.1972072124,"43":41.8536658287,"44":44.7379822731,"45":43.1305918694,"46":43.0930438042,"47":44.3374042511,"48":44.3601315022,"49":45.7019457817,"50":45.9056470394,"51":45.7545461655,"52":43.9805190563,"53":42.7336854935,"54":43.0783469677,"55":43.5732786655,"56":44.3435332775,"57":45.4600663185,"58":44.7560191154,"59":44.6118121147,"60":43.2119941711,"61":43.2169349194,"62":43.4232671261,"63":43.9420685768,"64":45.0998487473,"65":46.9367525578,"66":44.7853782177,"67":44.9189789295,"68":43.1331250668,"69":42.9713270664,"70":43.5161485672,"71":41.4437890053,"72":41.7523398399,"73":41.6753354073,"74":41.0430829525,"75":41.2774152756,"76":40.9926292896,"77":40.9827058315,"78":41.5119981766,"79":41.3034789562,"80":41.1988117695,"81":41.4690954685,"82":40.9847242832,"83":41.2275481224,"84":41.104186058,"85":41.1442101002,"86":41.4245815277,"87":40.8840689659,"88":40.8814582825,"89":41.0559668541,"90":41.1389276981,"91":41.4301111698,"92":41.024056673,"93":40.8242912292,"94":40.8816566467,"95":40.8255414963,"96":40.6644868851,"97":41.5471959114,"98":41.9006633759,"99":41.7260782719},"Test Loss":{"0":0.0058814801,"1":0.003397532,"2":0.0017928768,"3":0.0014113614,"4":0.0009815513,"5":0.0010419023,"6":0.0008507158,"7":0.00093574,"8":0.0006365199,"9":0.0006616637,"10":0.000711649,"11":0.0004523342,"12":0.0005266674,"13":0.0004281396,"14":0.0004647817,"15":0.0005260543,"16":0.0004312403,"17":0.0003793842,"18":0.000502342,"19":0.0003986207,"20":0.0003941932,"21":0.0003254709,"22":0.0004112642,"23":0.0003821465,"24":0.0002857766,"25":0.0003829111,"26":0.0002836013,"27":0.0005079846,"28":0.0006799909,"29":0.000339243,"30":0.0004383826,"31":0.0003179767,"32":0.0002659011,"33":0.0002670044,"34":0.0002472389,"35":0.000241875,"36":0.0004463066,"37":0.0004888613,"38":0.0003581046,"39":0.000280905,"40":0.0003957073,"41":0.0005099719,"42":0.0003897204,"43":0.0005879412,"44":0.000222498,"45":0.0002332456,"46":0.0003611399,"47":0.0003116772,"48":0.0002402054,"49":0.0003489627,"50":0.0003175804,"51":0.000249713,"52":0.0002750657,"53":0.000264571,"54":0.0002645897,"55":0.0002998478,"56":0.0002979293,"57":0.0002980899,"58":0.0002863776,"59":0.0002091118,"60":0.0002854297,"61":0.0003218609,"62":0.0003587568,"63":0.0003501282,"64":0.0003038363,"65":0.0003804692,"66":0.0004086214,"67":0.0002936831,"68":0.0007319939,"69":0.0002968484,"70":0.0003953897,"71":0.0003287894,"72":0.0002688243,"73":0.0003678354,"74":0.0003876805,"75":0.0003002722,"76":0.0002944988,"77":0.0002429638,"78":0.0003462772,"79":0.0002771261,"80":0.0002373292,"81":0.0002866597,"82":0.0002725724,"83":0.0001967733,"84":0.000301996,"85":0.0002904795,"86":0.0002377624,"87":0.0002376688,"88":0.000294634,"89":0.0002985822,"90":0.0001876601,"91":0.000319868,"92":0.0014477689,"93":0.000279833,"94":0.0003408405,"95":0.0002410728,"96":0.000311377,"97":0.0002947339,"98":0.0001933008,"99":0.0002690657},"Test Accuracy":{"0":74.38,"1":86.19,"2":93.21,