{"Epoch":{"0":1,"1":2,"2":3,"3":4,"4":5,"5":6,"6":7,"7":8,"8":9,"9":10,"10":11,"11":12,"12":13,"13":14,"14":15,"15":16,"16":17,"17":18,"18":19,"19":20,"20":21,"21":22,"22":23,"23":24,"24":25,"25":26,"26":27,"27":28,"28":29,"29":30,"30":31,"31":32,"32":33,"33":34,"34":35,"35":36,"36":37,"37":38,"38":39,"39":40,"40":41,"41":42,"42":43,"43":44,"44":45,"45":46,"46":47,"47":48,"48":49,"49":50,"50":51,"51":52,"52":53,"53":54,"54":55,"55":56,"56":57,"57":58,"58":59,"59":60,"60":61,"61":62,"62":63,"63":64,"64":65,"65":66,"66":67,"67":68,"68":69,"69":70,"70":71,"71":72,"72":73,"73":74,"74":75,"75":76,"76":77,"77":78,"78":79,"79":80,"80":81,"81":82,"82":83,"83":84,"84":85,"85":86,"86":87,"87":88,"88":89,"89":90,"90":91,"91":92,"92":93,"93":94,"94":95,"95":96,"96":97,"97":98,"98":99,"99":100},"Train Loss":{"0":0.0225681492,"1":0.0067956245,"2":0.0025343024,"3":0.0012868352,"4":0.0016060952,"5":0.0008909929,"6":0.0007356949,"7":0.0006208627,"8":0.0006601679,"9":0.0005605043,"10":0.0005215307,"11":0.000475635,"12":0.0004598268,"13":0.0004561783,"14":0.0004069651,"15":0.0004027911,"16":0.0004061828,"17":0.0003919471,"18":0.0004081756,"19":0.0003649239,"20":0.0003518192,"21":0.0003406468,"22":0.0003868331,"23":0.0003515705,"24":0.0003290068,"25":0.0003184412,"26":0.0002906271,"27":0.000326494,"28":0.0003100174,"29":0.0003026044,"30":0.0003021843,"31":0.0003143038,"32":0.000285946,"33":0.000297641,"34":0.0002766887,"35":0.0002993415,"36":0.0002833461,"37":0.0002899294,"38":0.0002955061,"39":0.0002948555,"40":0.00030829,"41":0.0002858759,"42":0.0002952441,"43":0.0002827249,"44":0.0002758487,"45":0.0002908426,"46":0.0002564935,"47":0.0002890887,"48":0.0002807409,"49":0.0002849898,"50":0.0002767011,"51":0.0002819944,"52":0.0002790794,"53":0.0002749661,"54":0.0002794311,"55":0.0002712397,"56":0.0002723243,"57":0.0002831545,"58":0.0002846106,"59":0.0002829181,"60":0.0002847206,"61":0.0002690875,"62":0.0002730539,"63":0.0002829876,"64":0.000278192,"65":0.0002710141,"66":0.0002626132,"67":0.0002757019,"68":0.0002577671,"69":0.0002665935,"70":0.0002702663,"71":0.0002688222,"72":0.0002492207,"73":0.0002600293,"74":0.0002621583,"75":0.0002615484,"76":0.0002567476,"77":0.0002479892,"78":0.0002659835,"79":0.0002533344,"80":0.0002638645,"81":0.0002455363,"82":0.0002543951,"83":0.0002531633,"84":0.000246326,"85":0.0002444553,"86":0.0002614088,"87":0.0002497335,"88":0.0002528768,"89":0.0002467194,"90":0.0002567724,"91":0.0002275355,"92":0.0002400134,"93":0.0002480536,"94":0.000272188,"95":0.0002351305,"96":0.0002378835,"97":0.0002451233,"98":0.0002357929,"99":0.0002555894},"Train Accuracy":{"0":40.4866666667,"1":78.1083333333,"2":90.7816666667,"3":95.0116666667,"4":94.345,"5":96.475,"6":97.0616666667,"7":97.5133333333,"8":97.3366666667,"9":97.8083333333,"10":97.9316666667,"11":98.045,"12":98.1583333333,"13":98.14,"14":98.3916666667,"15":98.3483333333,"16":98.3266666667,"17":98.42,"18":98.3733333333,"19":98.4883333333,"20":98.5783333333,"21":98.6383333333,"22":98.4283333333,"23":98.6,"24":98.6983333333,"25":98.7133333333,"26":98.8316666667,"27":98.6733333333,"28":98.71,"29":98.74,"30":98.735,"31":98.735,"32":98.8033333333,"33":98.8166666667,"34":98.8383333333,"35":98.8316666667,"36":98.89,"37":98.7983333333,"38":98.8066666667,"39":98.83,"40":98.7633333333,"41":98.875,"42":98.845,"43":98.8483333333,"44":98.895,"45":98.8233333333,"46":98.9933333333,"47":98.7966666667,"48":98.8916666667,"49":98.8866666667,"50":98.8883333333,"51":98.8716666667,"52":98.915,"53":98.8616666667,"54":98.8533333333,"55":98.8983333333,"56":98.8983333333,"57":98.9166666667,"58":98.85,"59":98.875,"60":98.855,"61":98.9133333333,"62":98.9183333333,"63":98.845,"64":98.87,"65":98.89,"66":98.9766666667,"67":98.9016666667,"68":98.9733333333,"69":98.8883333333,"70":98.955,"71":98.9683333333,"72":98.975,"73":98.9716666667,"74":98.97,"75":98.9666666667,"76":99.005,"77":98.99,"78":98.9666666667,"79":98.97,"80":98.91,"81":99.0183333333,"82":98.9816666667,"83":98.98,"84":98.9983333333,"85":99.0383333333,"86":98.965,"87":99.0016666667,"88":98.9933333333,"89":98.9866666667,"90":98.9616666667,"91":99.0633333333,"92":99.0666666667,"93":99.0116666667,"94":98.9166666667,"95":99.01,"96":99.1066666667,"97":99.0483333333,"98":99.0483333333,"99":98.9883333333},"Train Time":{"0":29.966148138,"1":29.2530417442,"2":29.2902958393,"3":28.8338398933,"4":29.1873598099,"5":28.4529929161,"6":28.2669992447,"7":28.5074424744,"8":28.7319641113,"9":28.1858811378,"10":28.2052445412,"11":28.6296489239,"12":28.8826029301,"13":28.6921048164,"14":28.8965940475,"15":28.8672251701,"16":28.5742399693,"17":28.0757803917,"18":28.051435709,"19":28.4836108685,"20":28.601316452,"21":28.1442370415,"22":28.1855766773,"23":28.627550602,"24":28.880210638,"25":28.8814585209,"26":28.5461752415,"27":28.5569236279,"28":28.432336092,"29":28.1894800663,"30":28.2217240334,"31":28.5132331848,"32":28.6056940556,"33":28.2157828808,"34":28.2538468838,"35":28.4815359116,"36":28.4622006416,"37":28.412733078,"38":28.5395851135,"39":28.4931302071,"40":28.2383379936,"41":28.0346560478,"42":28.0550613403,"43":28.3142323494,"44":28.2710483074,"45":28.0506365299,"46":28.0539059639,"47":28.4830739498,"48":28.426217556,"49":28.6605324745,"50":28.4317536354,"51":28.4288229942,"52":28.2842741013,"53":27.9917440414,"54":27.9890899658,"55":28.3031220436,"56":28.2109792233,"57":28.0087883472,"58":28.4202849865,"59":28.9558844566,"60":29.0244328976,"61":29.2326726913,"62":28.6040184498,"63":29.0576007366,"64":28.8477256298,"65":28.798576355,"66":29.0088899136,"67":29.1716320515,"68":28.5382273197,"69":28.1947565079,"70":28.8338024616,"71":29.3701133728,"72":29.1452951431,"73":29.0584282875,"74":28.6108987331,"75":28.8191702366,"76":28.126373291,"77":28.1833822727,"78":28.2731668949,"79":28.9486000538,"80":29.6599743366,"81":30.0601959229,"82":29.8651378155,"83":31.0048513412,"84":30.6732816696,"85":31.3014419079,"86":31.0976498127,"87":30.0337948799,"88":29.7205965519,"89":29.8635194302,"90":30.3853991032,"91":29.7764732838,"92":30.235637188,"93":29.8473083973,"94":30.5298118591,"95":30.7681651115,"96":31.3714299202,"97":30.9276649952,"98":30.3877818584,"99":29.9297220707},"Test Loss":{"0":0.6093357959,"1":0.0049574136,"2":0.0012129807,"3":0.0023132165,"4":0.0007979878,"5":0.0006309178,"6":0.0005588629,"7":0.0005295245,"8":0.0006050489,"9":0.0004076598,"10":0.0003847391,"11":0.0004216281,"12":0.0002721221,"13":0.000317526,"14":0.0003699601,"15":0.0004708724,"16":0.0003519267,"17":0.0004451242,"18":0.0003681392,"19":0.0003086796,"20":0.0002990765,"21":0.0003315361,"22":0.0003113456,"23":0.0002883599,"24":0.0003174017,"25":0.000339254,"26":0.0002230947,"27":0.0002434155,"28":0.00027068,"29":0.0003226521,"30":0.0003607652,"31":0.0002953543,"32":0.0004219751,"33":0.0002945326,"34":0.0002546013,"35":0.0002880884,"36":0.000325008,"37":0.0002949948,"38":0.0005759094,"39":0.000343965,"40":0.0007503083,"41":0.0004064193,"42":0.0004240379,"43":0.0002590655,"44":0.0002422605,"45":0.0004225493,"46":0.0002816247,"47":0.0003325435,"48":0.0002717285,"49":0.0003240055,"50":0.0002980263,"51":0.0002919055,"52":0.0002832456,"53":0.0002499308,"54":0.0002975477,"55":0.0003675077,"56":0.0003585909,"57":0.000228294,"58":0.0002501509,"59":0.0003125866,"60":0.0003570584,"61":0.0002624413,"62":0.0004051108,"63":0.0002227818,"64":0.0002922692,"65":0.000251862,"66":0.0003642616,"67":0.0002884533,"68":0.0002129997,"69":0.0002584022,"70":0.0002714912,"71":0.0002277372,"72":0.0004408915,"73":0.0002684894,"74":0.000245131,"75":0.0003981999,"76":0.0002676584,"77":0.0002496066,"78":0.0002806946,"79":0.0003023771,"80":0.0003346315,"81":0.0002585595,"82":0.0002663254,"83":0.000276585,"84":0.0002991941,"85":0.0002264758,"86":0.0002369914,"87":0.0001860571,"88":0.0003811317,"89":0.0003274841,"90":0.0002690234,"91":0.0002675093,"92":0.0002910213,"93":0.0004042138,"94":0.0002032912,"95":0.0002442792,"96":0.000277299,"97":0.0001734212,"98":0.0003545671,"99":0.0003130803},"Test Accuracy":{"0":36.49,"1":78.24,"2":95.15,"3":95.0,