{"Epoch":{"0":1,"1":2,"2":3,"3":4,"4":5,"5":6,"6":7,"7":8,"8":9,"9":10,"10":11,"11":12,"12":13,"13":14,"14":15,"15":16,"16":17,"17":18,"18":19,"19":20,"20":21,"21":22,"22":23,"23":24,"24":25,"25":26,"26":27,"27":28,"28":29,"29":30,"30":31,"31":32,"32":33,"33":34,"34":35,"35":36,"36":37,"37":38,"38":39,"39":40,"40":41,"41":42,"42":43,"43":44,"44":45,"45":46,"46":47,"47":48,"48":49,"49":50,"50":51,"51":52,"52":53,"53":54,"54":55,"55":56,"56":57,"57":58,"58":59,"59":60,"60":61,"61":62,"62":63,"63":64,"64":65,"65":66,"66":67,"67":68,"68":69,"69":70,"70":71,"71":72,"72":73,"73":74,"74":75,"75":76,"76":77,"77":78,"78":79,"79":80,"80":81,"81":82,"82":83,"83":84,"84":85,"85":86,"86":87,"87":88,"88":89,"89":90,"90":91,"91":92,"92":93,"93":94,"94":95,"95":96,"96":97,"97":98,"98":99,"99":100},"Train Loss":{"0":0.024019487,"1":0.0168852109,"2":0.0109866398,"3":0.0094092226,"4":0.0086908221,"5":0.0080528166,"6":0.0076389485,"7":0.007290006,"8":0.0069169465,"9":0.0067645845,"10":0.0070835339,"11":0.0066044065,"12":0.0063530824,"13":0.0061808566,"14":0.0060504394,"15":0.0058997669,"16":0.0058251482,"17":0.005747277,"18":0.0056235952,"19":0.0055845587,"20":0.0055025036,"21":0.0053937404,"22":0.005369401,"23":0.0053664827,"24":0.005268129,"25":0.0052187818,"26":0.0052010763,"27":0.0051416539,"28":0.0051709022,"29":0.0051078943,"30":0.0050984846,"31":0.005054773,"32":0.0050112161,"33":0.0049921379,"34":0.0049668449,"35":0.0049923758,"36":0.0049360873,"37":0.0049169257,"38":0.004908351,"39":0.0048468529,"40":0.0048760292,"41":0.0048137943,"42":0.0048496826,"43":0.0048467314,"44":0.004823449,"45":0.0047651065,"46":0.0047408043,"47":0.0047655198,"48":0.004770274,"49":0.004743214,"50":0.0047152723,"51":0.0047023245,"52":0.0047059162,"53":0.0046946877,"54":0.0046786559,"55":0.0047007761,"56":0.0046492242,"57":0.0046432121,"58":0.0046342514,"59":0.0046202658,"60":0.0046151828,"61":0.0045870899,"62":0.0045331834,"63":0.0045626291,"64":0.0045530219,"65":0.004617725,"66":0.0045818164,"67":0.0045622409,"68":0.0045096548,"69":0.0045557721,"70":0.0045371424,"71":0.0044800183,"72":0.0044912488,"73":0.004471726,"74":0.0045124882,"75":0.0044602373,"76":0.0045091641,"77":0.0044848764,"78":0.0044446153,"79":0.0044402004,"80":0.0044011208,"81":0.0044469583,"82":0.0044243746,"83":0.0044422527,"84":0.0043829137,"85":0.0044051714,"86":0.0043867713,"87":0.0043823938,"88":0.0043776737,"89":0.0043985834,"90":0.004359265,"91":0.0043380753,"92":0.0043037914,"93":0.0043825,"94":0.0043083953,"95":0.0043346039,"96":0.0043081937,"97":0.0043035062,"98":0.0043488786,"99":0.004288888},"Train Accuracy":{"0":36.3116666667,"1":43.665,"2":53.7033333333,"3":57.5683333333,"4":59.7966666667,"5":61.7366666667,"6":63.7883333333,"7":64.9116666667,"8":66.87,"9":68.1183333333,"10":66.1366666667,"11":68.7233333333,"12":69.915,"13":70.61,"14":71.4166666667,"15":71.8533333333,"16":72.6666666667,"17":72.9533333333,"18":73.535,"19":73.4783333333,"20":73.9633333333,"21":74.5816666667,"22":74.8333333333,"23":74.6416666667,"24":75.23,"25":75.2833333333,"26":75.545,"27":75.6266666667,"28":75.63,"29":75.8383333333,"30":75.9833333333,"31":75.9333333333,"32":76.2533333333,"33":76.3483333333,"34":76.5516666667,"35":76.4083333333,"36":76.7866666667,"37":76.6916666667,"38":76.8983333333,"39":76.96,"40":76.9566666667,"41":77.2733333333,"42":77.2833333333,"43":77.085,"44":77.2766666667,"45":77.5833333333,"46":77.43,"47":77.675,"48":77.4766666667,"49":77.4416666667,"50":77.88,"51":77.7066666667,"52":77.8933333333,"53":77.7666666667,"54":77.9716666667,"55":77.9516666667,"56":78.1066666667,"57":78.1383333333,"58":78.125,"59":78.1216666667,"60":78.1833333333,"61":78.4033333333,"62":78.585,"63":78.52,"64":78.3716666667,"65":78.28,"66":78.4133333333,"67":78.535,"68":78.7733333333,"69":78.5116666667,"70":78.3916666667,"71":78.8566666667,"72":78.775,"73":78.8033333333,"74":78.6933333333,"75":78.935,"76":78.735,"77":78.7816666667,"78":79.075,"79":78.8483333333,"80":79.2383333333,"81":78.9133333333,"82":79.0233333333,"83":79.155,"84":79.2116666667,"85":79.18,"86":79.0833333333,"87":79.3766666667,"88":79.2766666667,"89":79.1416666667,"90":79.5233333333,"91":79.4166666667,"92":79.8716666667,"93":79.415,"94":79.685,"95":79.3633333333,"96":79.6583333333,"97":79.67,"98":79.575,"99":79.7433333333},"Train Time":{"0":79.9040331841,"1":87.560349226,"2":87.290677309,"3":87.740773201,"4":87.4866845608,"5":87.3658280373,"6":87.904545784,"7":87.4038028717,"8":87.4287390709,"9":87.1348192692,"10":86.916883707,"11":86.3391978741,"12":86.1827449799,"13":85.8740422726,"14":85.913005352,"15":86.1689193249,"16":86.1944937706,"17":86.4998419285,"18":86.4594688416,"19":86.1416273117,"20":86.7599415779,"21":86.2089486122,"22":77.1044185162,"23":64.1017947197,"24":63.9719576836,"25":63.6270539761,"26":64.3038196564,"27":64.2988567352,"28":64.1648890972,"29":63.5435600281,"30":63.9225096703,"31":64.1249670982,"32":63.784416914,"33":64.414257288,"34":64.0597348213,"35":64.0646846294,"36":64.2267150879,"37":64.1076245308,"38":63.8601281643,"39":63.7357389927,"40":64.0048911572,"41":64.5930395126,"42":64.2069692612,"43":64.3507790565,"44":64.2271840572,"45":63.9875788689,"46":63.7771756649,"47":64.6568319798,"48":64.0859239101,"49":64.4568450451,"50":64.1185564995,"51":64.0013194084,"52":64.2763435841,"53":63.9950664043,"54":64.3637812138,"55":64.1362297535,"56":63.7834880352,"57":64.0516400337,"58":63.9969534874,"59":63.9574384689,"60":63.9763486385,"61":63.5056343079,"62":63.9414818287,"63":64.0752110481,"64":64.4180912971,"65":64.1285872459,"66":64.1281285286,"67":63.7534971237,"68":64.0852303505,"69":52.8260498047,"70":46.1642255783,"71":46.9621372223,"72":47.0555789471,"73":45.3040678501,"74":45.2373380661,"75":46.5432133675,"76":45.8940310478,"77":45.3676810265,"78":46.5044462681,"79":46.7084002495,"80":46.2603752613,"81":45.0853452682,"82":45.7207400799,"83":45.8529434204,"84":45.6812524796,"85":46.0387060642,"86":46.3963582516,"87":46.64012146,"88":45.0890831947,"89":45.4405267239,"90":46.1158564091,"91":45.4578781128,"92":45.6838214397,"93":45.7484281063,"94":45.7967627048,"95":45.6132946014,"96":44.7259378433,"97":45.3810312748,"98":45.545224905,"99":45.7978620529},"Test Loss":{"0":0.0088417016,"1":0.0101626386,"2":0.0069785831,"3":0.0083031763,"4":0.007670835,"5":0.0085418869,"6":0.0061320319,"7":0.0059226799,"8":0.0045986539,"9":0.0043909848,"10":0.004234034,"11":0.0042789018,"12":0.0044182862,"13":0.004037572,"14":0.0036991244,"15":0.0036458181,"16":0.0034182522,"17":0.0033075357,"18":0.0034075342,"19":0.0030028661,"20":0.0039135787,"21":0.003242905,"22":0.0033099529,"23":0.0035656044,"24":0.0032993131,"25":0.0034848315,"26":0.0042535022,"27":0.0035057469,"28":0.0029943319,"29":0.0029756277,"30":0.0041809941,"31":0.0034423233,"32":0.0030073475,"33":0.0034091064,"34":0.0032837862,"35":0.0035813034,"36":0.0033212919,"37":0.0040194083,"38":0.0027142318,"39":0.0028360849,"40":0.0027576968,"41":0.0043053616,"42":0.0027212948,"43":0.0028418269,"44":0.003123112,"45":0.0033574258,"46":0.002961249,"47":0.0027317521,"48":0.0029193501,"49":0.0026983522,"50":0.0031368744,"51":0.0025394859,"52":0.0033944563,"53":0.0027882208,"54":0.0030351662,"55":0.0027218484,"56":0.0027485833,"57":0.0023696422,"58":0.0031724437,"59":0.0030903138,"60":0.0026978189,"61":0.0025520112,"62":0.0027078824,"63":0.0026662923,"64":0.0026908929,"65":0.0027563736,"66":0.0025591146,"67":0.0026375185,"68":0.0025109392,"69":0.0028659355,"70":0.0025301239,"71":0.0026522857,"72":0.0024516407,"73":0.0027708466,"74":0.0026182386,"75":0.0025843402,"76":0.0026262936,"77":0.0028011256,"78":0.0025173796,"79":0.0028541439,"80":0.0022758727,"81":0.002570449,"82":0.0028894386,"83":0.0026898761,"84":0.0026522541,"85":0.0030525256,"86":0.0029167555,"87":0.0024861917,"88":0.0025419935,"89":0.0024823464,"90":0.0024083244,"91":0.0026660149,"92":0.002563164,"93":0.0024521334,"94":0.0032948351,"95":0.0026482881,"96":0.0024571501,"97":0.002411295,"98":0.0024507704,"99":0.00236358},"Test Accuracy":{"0":64.82,