{"Epoch":{"0":1,"1":2,"2":3,"3":4,"4":5,"5":6,"6":7,"7":8,"8":9,"9":10,"10":11,"11":12,"12":13,"13":14,"14":15,"15":16,"16":17,"17":18,"18":19,"19":20,"20":21,"21":22,"22":23,"23":24,"24":25,"25":26,"26":27,"27":28,"28":29,"29":30,"30":31,"31":32,"32":33,"33":34,"34":35,"35":36,"36":37,"37":38,"38":39,"39":40,"40":41,"41":42,"42":43,"43":44,"44":45,"45":46,"46":47,"47":48,"48":49,"49":50,"50":51,"51":52,"52":53,"53":54,"54":55,"55":56,"56":57,"57":58,"58":59,"59":60,"60":61,"61":62,"62":63,"63":64,"64":65,"65":66,"66":67,"67":68,"68":69,"69":70,"70":71,"71":72,"72":73,"73":74,"74":75,"75":76,"76":77,"77":78,"78":79,"79":80,"80":81,"81":82,"82":83,"83":84,"84":85,"85":86,"86":87,"87":88,"88":89,"89":90,"90":91,"91":92,"92":93,"93":94,"94":95,"95":96,"96":97,"97":98,"98":99,"99":100},"Train Loss":{"0":0.0154211686,"1":0.0097161019,"2":0.0084441443,"3":0.008482145,"4":0.0077471609,"5":0.0071252415,"6":0.0068054606,"7":0.0065965919,"8":0.0064032122,"9":0.0063329754,"10":0.0060911846,"11":0.0059835143,"12":0.0059095145,"13":0.0058334678,"14":0.0057798304,"15":0.0057796061,"16":0.0089358977,"17":0.0083512374,"18":0.0073234892,"19":0.0069461043,"20":0.0066145296,"21":0.0064572912,"22":0.0063020216,"23":0.0061566926,"24":0.0061380729,"25":0.0060253274,"26":0.005908776,"27":0.0058075988,"28":0.0057978435,"29":0.005765774,"30":0.0056364649,"31":0.0058619872,"32":0.0057254569,"33":0.005622308,"34":0.0056585583,"35":0.0055340688,"36":0.0054514956,"37":0.0056311428,"38":0.005542111,"39":0.0057427274,"40":0.0056964427,"41":0.0057141439,"42":0.0056212125,"43":0.0053778716,"44":0.0053408392,"45":0.0052789218,"46":0.0051180489,"47":0.0051361644,"48":0.0051238106,"49":0.0050750404,"50":0.0050108132,"51":0.0050333073,"52":0.0050564061,"53":0.0049761146,"54":0.004993894,"55":0.0049438875,"56":0.0049790185,"57":0.0049284166,"58":0.0049268146,"59":0.0048651581,"60":0.0048432422,"61":0.0049195241,"62":0.0048517773,"63":0.0048791406,"64":0.004857808,"65":0.0047843494,"66":0.004814509,"67":0.0047842328,"68":0.0048031653,"69":0.0048074065,"70":0.0047701078,"71":0.0047859332,"72":0.0047908675,"73":0.0047011254,"74":0.0047457874,"75":0.0047605845,"76":0.0047446203,"77":0.0047165156,"78":0.0046607873,"79":0.0046802198,"80":0.0046765167,"81":0.0046511905,"82":0.0046293704,"83":0.0046422685,"84":0.004626271,"85":0.0046511541,"86":0.0046331509,"87":0.0046085696,"88":0.0046305974,"89":0.0045699346,"90":0.0046089167,"91":0.0046008308,"92":0.0045571641,"93":0.0045777271,"94":0.0045555895,"95":0.004542384,"96":0.0045729456,"97":0.0045622271,"98":0.0045667237,"99":0.0044922749},"Train Accuracy":{"0":38.5783333333,"1":56.28,"2":60.9433333333,"3":61.7183333333,"4":64.1133333333,"5":66.395,"6":67.89,"7":69.1183333333,"8":69.91,"9":70.285,"10":71.355,"11":71.81,"12":72.3116666667,"13":72.5783333333,"14":73.0083333333,"15":72.8566666667,"16":62.0466666667,"17":60.6583333333,"18":65.0466666667,"19":66.805,"20":68.39,"21":69.0966666667,"22":70.0133333333,"23":70.8133333333,"24":70.755,"25":71.545,"26":71.9916666667,"27":72.5,"28":72.5483333333,"29":72.6433333333,"30":73.4366666667,"31":72.1016666667,"32":72.8433333333,"33":73.24,"34":73.215,"35":73.7383333333,"36":74.075,"37":73.125,"38":73.7466666667,"39":72.52,"40":72.7466666667,"41":72.78,"42":73.2466666667,"43":74.5083333333,"44":74.58,"45":75.0133333333,"46":75.9233333333,"47":75.765,"48":75.7283333333,"49":75.865,"50":76.17,"51":76.2283333333,"52":75.9833333333,"53":76.4683333333,"54":76.4583333333,"55":76.5583333333,"56":76.4966666667,"57":76.6983333333,"58":76.6766666667,"59":76.9733333333,"60":77.1966666667,"61":76.86,"62":76.8433333333,"63":76.9083333333,"64":76.9,"65":77.2183333333,"66":77.13,"67":77.2966666667,"68":77.2366666667,"69":77.1833333333,"70":77.4483333333,"71":77.3566666667,"72":77.3016666667,"73":77.685,"74":77.6316666667,"75":77.3783333333,"76":77.46,"77":77.8066666667,"78":78.0,"79":78.0033333333,"80":77.785,"81":78.11,"82":78.165,"83":78.0216666667,"84":77.985,"85":78.025,"86":78.2666666667,"87":78.1533333333,"88":78.025,"89":78.4016666667,"90":78.0766666667,"91":78.2616666667,"92":78.2816666667,"93":78.3183333333,"94":78.5466666667,"95":78.6533333333,"96":78.3283333333,"97":78.42,"98":78.4333333333,"99":78.735},"Train Time":{"0":108.7941887379,"1":108.5001275539,"2":107.4529035091,"3":108.9643194675,"4":109.0638582706,"5":107.5091173649,"6":109.3578000069,"7":108.1044712067,"8":106.4903810024,"9":107.2474780083,"10":106.494248867,"11":106.7153813839,"12":107.1610758305,"13":105.4451754093,"14":105.6347477436,"15":107.1364870071,"16":105.4624783993,"17":101.7384221554,"18":75.185182333,"19":75.2386827469,"20":75.9990673065,"21":75.6647052765,"22":74.7646522522,"23":75.0069518089,"24":75.4873359203,"25":74.4093184471,"26":75.0820617676,"27":74.7925152779,"28":75.3472597599,"29":74.8541269302,"30":75.3127276897,"31":75.2342967987,"32":75.5419385433,"33":74.3064370155,"34":75.1174936295,"35":75.4818384647,"36":74.3516898155,"37":74.4199514389,"38":74.5916492939,"39":75.3536667824,"40":75.3399009705,"41":75.204182148,"42":75.3827810287,"43":74.5201816559,"44":75.4550378323,"45":76.4446513653,"46":74.6085624695,"47":75.1669585705,"48":75.2273886204,"49":75.7852067947,"50":74.3334188461,"51":74.2378740311,"52":74.7643623352,"53":75.2868173122,"54":74.6464335918,"55":75.3992688656,"56":74.5421023369,"57":67.1474812031,"58":51.0667095184,"59":50.3888199329,"60":51.2174954414,"61":49.8724553585,"62":50.2547352314,"63":50.5604991913,"64":49.7745490074,"65":50.5395548344,"66":50.5865561962,"67":51.4683089256,"68":49.9361979961,"69":50.1215457916,"70":49.7421061993,"71":49.3942835331,"72":50.6410534382,"73":51.0391404629,"74":50.3662660122,"75":49.7515268326,"76":49.9759435654,"77":49.7305994034,"78":49.7342841625,"79":50.8682277203,"80":50.5691380501,"81":50.2532272339,"82":49.991666317,"83":50.3089346886,"84":49.7946922779,"85":42.8038902283,"86":35.3314805031,"87":35.699451685,"88":35.6213471889,"89":35.7336888313,"90":34.715378046,"91":35.9295015335,"92":36.1046118736,"93":34.5827400684,"94":34.3669126034,"95":35.0196082592,"96":35.0523719788,"97":35.655554533,"98":34.6737086773,"99":35.506865263},"Test Loss":{"0":0.0095205903,"1":0.0064796989,"2":0.0061456241,"3":0.0051629156,"4":0.0051239685,"5":0.0042662894,"6":0.0040362191,"7":0.0041971102,"8":0.0037040345,"9":0.0036061633,"10":0.0034407215,"11":0.0034312885,"12":0.0036208173,"13":0.0034124444,"14":0.0035923472,"15":0.003326436,"16":0.0062959005,"17":0.0065083314,"18":0.0048625515,"19":0.004164787,"20":0.0043329736,"21":0.0038885066,"22":0.0044527502,"23":0.0044464575,"24":0.0036491478,"25":0.0035546496,"26":0.003521137,"27":0.0033318938,"28":0.003367755,"29":0.0036492229,"30":0.0032831176,"31":0.0032682132,"32":0.0034443147,"33":0.0033455437,"34":0.0035404082,"35":0.0031215779,"36":0.0033595674,"37":0.003152739,"38":0.003358593,"39":0.0042838147,"40":0.0033491778,"41":0.0035136171,"42":0.0031901735,"43":0.0031302091,"44":0.0033929425,"45":0.0034552987,"46":0.0029727284,"47":0.0029630748,"48":0.0029169585,"49":0.0031808728,"50":0.0028663994,"51":0.0030413696,"52":0.0028475743,"53":0.0031070436,"54":0.0028504801,"55":0.0031890137,"56":0.003078457,"57":0.0032866867,"58":0.0026881586,"59":0.0026430312,"60":0.0034513819,"61":0.0026606879,"62":0.002945259,"63":0.0040341832,"64":0.0032430418,"65":0.0032916743,"66":0.002954694,"67":0.0029517187,"68":0.003014612,"69":0.0032202209,"70":0.0031888864,"71":0.0029155745,"72":0.0029793244,"73":0.0030852742,"74":0.0027588582,"75":0.0027238865,"76":0.0026459903,"77":0.0025388448,"78":0.0027331031,"79":0.0032571658,"80":0.0028638845,"81":0.0024495476,"82":0.0025615601,"83":0.0027806914,"84":0.0027266304,"85":0.0027010449,"86":0.002839272,"87":0.0030030199,"88":0.0028003577,"89":0.0026208272,"90":0.0025933278,"91":0.0033316663,"92":0.0025301605,"93":0.0028471939,"94":0.0026514892,"95":0.0029118161,"96":0.0024231929,"97":0.0024689163,"98":0.0026898482,"99":0.0028034563},"Test Accuracy":{"0":64.4,"1":71.96,"2":71.03,"3":75.29,"4":76.74,