{"Epoch":{"0":1,"1":2,"2":3,"3":4,"4":5,"5":6,"6":7,"7":8,"8":9,"9":10,"10":11,"11":12,"12":13,"13":14,"14":15,"15":16,"16":17,"17":18,"18":19,"19":20,"20":21,"21":22,"22":23,"23":24,"24":25,"25":26,"26":27,"27":28,"28":29,"29":30,"30":31,"31":32,"32":33,"33":34,"34":35,"35":36,"36":37,"37":38,"38":39,"39":40,"40":41,"41":42,"42":43,"43":44,"44":45,"45":46,"46":47,"47":48,"48":49,"49":50,"50":51,"51":52,"52":53,"53":54,"54":55,"55":56,"56":57,"57":58,"58":59,"59":60,"60":61,"61":62,"62":63,"63":64,"64":65,"65":66,"66":67,"67":68,"68":69,"69":70,"70":71,"71":72,"72":73,"73":74,"74":75,"75":76,"76":77,"77":78,"78":79,"79":80,"80":81,"81":82,"82":83,"83":84,"84":85,"85":86,"86":87,"87":88,"88":89,"89":90,"90":91,"91":92,"92":93,"93":94,"94":95,"95":96,"96":97,"97":98,"98":99,"99":100},"Train Loss":{"0":0.0123371641,"1":0.0031741956,"2":0.001710193,"3":0.0012234957,"4":0.0009489255,"5":0.0008406994,"6":0.0007061186,"7":0.0006660595,"8":0.0011200185,"9":0.0008019594,"10":0.0006152556,"11":0.0005495466,"12":0.0005174105,"13":0.0004861197,"14":0.0004772813,"15":0.0004538588,"16":0.0004190644,"17":0.0004153798,"18":0.0004104356,"19":0.0004038954,"20":0.0003961144,"21":0.000391885,"22":0.0003890175,"23":0.0003694538,"24":0.000360788,"25":0.0003443505,"26":0.0003558745,"27":0.0003572978,"28":0.0003391586,"29":0.0003621957,"30":0.0003422267,"31":0.0003366787,"32":0.0003507373,"33":0.000313814,"34":0.0003293728,"35":0.000338561,"36":0.0003293053,"37":0.0003307397,"38":0.0003539577,"39":0.0003347841,"40":0.000295502,"41":0.0003175964,"42":0.000307718,"43":0.0003245087,"44":0.0003116895,"45":0.0003166488,"46":0.0003131033,"47":0.0003065456,"48":0.0003051699,"49":0.0003087769,"50":0.0002948415,"51":0.000301139,"52":0.0003100707,"53":0.0003059724,"54":0.0003068383,"55":0.0003048955,"56":0.0002868338,"57":0.0002950707,"58":0.0003089167,"59":0.0003036845,"60":0.0003073321,"61":0.0002882022,"62":0.0002832917,"63":0.0002899615,"64":0.0002875292,"65":0.0002822397,"66":0.0003029466,"67":0.0002838425,"68":0.0002625941,"69":0.0002866741,"70":0.0002848516,"71":0.0002792818,"72":0.0002692272,"73":0.0002848595,"74":0.000283455,"75":0.0002736042,"76":0.0002756252,"77":0.0002983145,"78":0.0002747581,"79":0.0002629062,"80":0.0002718299,"81":0.0002800596,"82":0.0002550896,"83":0.0002613977,"84":0.0002585159,"85":0.0002476228,"86":0.0002691261,"87":0.0002676832,"88":0.0002611254,"89":0.0002590364,"90":0.0002522424,"91":0.0002566676,"92":0.0002692915,"93":0.0002600582,"94":0.0002551134,"95":0.0002834275,"96":0.0002600898,"97":0.0002650825,"98":0.0002504416,"99":0.0002582975},"Train Accuracy":{"0":51.5316666667,"1":86.9866666667,"2":93.235,"3":95.1,"4":96.2016666667,"5":96.6566666667,"6":97.155,"7":97.2933333333,"8":95.9333333333,"9":96.7916666667,"10":97.5116666667,"11":97.79,"12":97.93,"13":98.0433333333,"14":98.08,"15":98.155,"16":98.3383333333,"17":98.325,"18":98.31,"19":98.3466666667,"20":98.3933333333,"21":98.3733333333,"22":98.3766666667,"23":98.49,"24":98.5316666667,"25":98.5966666667,"26":98.5466666667,"27":98.5816666667,"28":98.6133333333,"29":98.475,"30":98.6116666667,"31":98.6766666667,"32":98.605,"33":98.7633333333,"34":98.6683333333,"35":98.62,"36":98.66,"37":98.645,"38":98.5933333333,"39":98.6616666667,"40":98.82,"41":98.7016666667,"42":98.7633333333,"43":98.7066666667,"44":98.745,"45":98.77,"46":98.7366666667,"47":98.8016666667,"48":98.7733333333,"49":98.7283333333,"50":98.8733333333,"51":98.8083333333,"52":98.76,"53":98.85,"54":98.6966666667,"55":98.7866666667,"56":98.8816666667,"57":98.7716666667,"58":98.775,"59":98.8133333333,"60":98.775,"61":98.8333333333,"62":98.895,"63":98.8683333333,"64":98.8783333333,"65":98.8733333333,"66":98.7466666667,"67":98.8833333333,"68":98.9666666667,"69":98.855,"70":98.8883333333,"71":98.9,"72":98.9233333333,"73":98.8633333333,"74":98.84,"75":98.905,"76":98.875,"77":98.8283333333,"78":98.8816666667,"79":98.9283333333,"80":98.875,"81":98.9033333333,"82":98.98,"83":98.9633333333,"84":98.965,"85":98.9716666667,"86":98.9466666667,"87":98.8983333333,"88":98.97,"89":98.9566666667,"90":99.0133333333,"91":98.9533333333,"92":98.945,"93":98.9816666667,"94":98.9466666667,"95":98.9216666667,"96":98.9866666667,"97":98.9766666667,"98":99.0166666667,"99":99.0016666667},"Train Time":{"0":32.4494755268,"1":32.1454591751,"2":31.864433527,"3":31.7698657513,"4":31.8552818298,"5":32.1157419682,"6":32.248960495,"7":32.2362947464,"8":32.1819653511,"9":31.6318395138,"10":31.6689703465,"11":31.3173286915,"12":31.1628689766,"13":30.9165709019,"14":30.745852232,"15":31.8296003342,"16":32.1660354137,"17":32.391119957,"18":31.9997532368,"19":32.2787144184,"20":31.2008786201,"21":30.9417643547,"22":31.3993711472,"23":31.3084299564,"24":30.8575851917,"25":30.9725499153,"26":31.9243271351,"27":31.652993679,"28":31.9377865791,"29":31.5072720051,"30":31.6054768562,"31":31.0229465961,"32":31.1023287773,"33":31.7482731342,"34":31.0605518818,"35":30.7400579453,"36":31.0955529213,"37":31.8550539017,"38":31.785892725,"39":31.5217068195,"40":31.4548647404,"41":31.4245884418,"42":31.0897874832,"43":30.9920523167,"44":31.9378609657,"45":30.8617825508,"46":30.9211242199,"47":31.1050212383,"48":31.2437460423,"49":31.2572796345,"50":31.1516644955,"51":31.2685399055,"52":30.8606197834,"53":30.7927939892,"54":30.7208619118,"55":31.4016559124,"56":30.6991794109,"57":30.6515841484,"58":31.4234549999,"59":31.8564374447,"60":31.622235775,"61":31.3628041744,"62":31.9634609222,"63":31.3568322659,"64":31.8371608257,"65":31.8960933685,"66":31.8605973721,"67":31.6581473351,"68":31.5243685246,"69":32.2766354084,"70":32.0628061295,"71":32.4501287937,"72":32.2545437813,"73":31.9530179501,"74":31.6744759083,"75":31.8331263065,"76":31.8987905979,"77":31.6082363129,"78":31.6820147038,"79":31.8951489925,"80":32.5202386379,"81":32.1513779163,"82":32.3339540958,"83":32.2411720753,"84":31.137270689,"85":31.5982396603,"86":30.2887113094,"87":31.843296051,"88":30.8331553936,"89":34.7838828564,"90":37.5020797253,"91":37.2525691986,"92":39.3445935249,"93":37.8900203705,"94":35.6473402977,"95":35.85628438,"96":35.3684983253,"97":35.4344763756,"98":35.888188839,"99":32.9630308151},"Test Loss":{"0":0.0045951811,"1":0.0018888293,"2":0.0014915309,"3":0.0009675277,"4":0.0008501658,"5":0.0010934734,"6":0.0005844162,"7":0.0005902577,"8":0.0006639639,"9":0.0006063348,"10":0.0004440756,"11":0.0003328136,"12":0.0003772588,"13":0.0003551507,"14":0.0002896645,"15":0.0003844005,"16":0.0004318108,"17":0.0003543977,"18":0.0003879387,"19":0.0004842292,"20":0.000353367,"21":0.0003994739,"22":0.0004313114,"23":0.0003067979,"24":0.0002615972,"25":0.0003826534,"26":0.0004354179,"27":0.0004040811,"28":0.0003720034,"29":0.0004133765,"30":0.000385677,"31":0.0003234528,"32":0.0003260026,"33":0.0003365973,"34":0.0002463317,"35":0.0003992314,"36":0.0004254323,"37":0.0003389002,"38":0.0003713227,"39":0.0003715587,"40":0.0005412075,"41":0.0004433634,"42":0.0002434009,"43":0.0002536998,"44":0.0003358945,"45":0.0004486769,"46":0.000361462,"47":0.0002250724,"48":0.0003051727,"49":0.0002784632,"50":0.0003515317,"51":0.0004310494,"52":0.0004259657,"53":0.0003025394,"54":0.0004098534,"55":0.0002911386,"56":0.0003901296,"57":0.0003660411,"58":0.0004897789,"59":0.000213921,"60":0.0003354879,"61":0.0002712424,"62":0.0003963988,"63":0.000198866,"64":0.0003691806,"65":0.0003163497,"66":0.0003559827,"67":0.0002871949,"68":0.0003673292,"69":0.0004268614,"70":0.0002429817,"71":0.0003723912,"72":0.0003770289,"73":0.0003047162,"74":0.0003280221,"75":0.0002763601,"76":0.0004109238,"77":0.0003567637,"78":0.0002913699,"79":0.0003901213,"80":0.0002990302,"81":0.0003023546,"82":0.0002423394,"83":0.0003124007,"84":0.0002414002,"85":0.0001911786,"86":0.0002303973,"87":0.0002831747,"88":0.0002510738,"89":0.0002500653,"90":0.0002930156,"91":0.0002723191,"92":0.0003947126,"93":0.0002750741,"94":0.000322255,"95":0.0002767198,"96":0.0003641135,"97":0.000364258,"98":0.0003335962,"99":0.0002680145},"Test Accuracy":{"0":79.71,"1":92.31,"2":94.15,"3":95.91,