{"Epoch":{"0":1,"1":2,"2":3,"3":4,"4":5,"5":6,"6":7,"7":8,"8":9,"9":10,"10":11,"11":12,"12":13,"13":14,"14":15,"15":16,"16":17,"17":18,"18":19,"19":20,"20":21,"21":22,"22":23,"23":24,"24":25,"25":26,"26":27,"27":28,"28":29,"29":30,"30":31,"31":32,"32":33,"33":34,"34":35,"35":36,"36":37,"37":38,"38":39,"39":40,"40":41,"41":42,"42":43,"43":44,"44":45,"45":46,"46":47,"47":48,"48":49,"49":50,"50":51,"51":52,"52":53,"53":54,"54":55,"55":56,"56":57,"57":58,"58":59,"59":60,"60":61,"61":62,"62":63,"63":64,"64":65,"65":66,"66":67,"67":68,"68":69,"69":70,"70":71,"71":72,"72":73,"73":74,"74":75,"75":76,"76":77,"77":78,"78":79,"79":80,"80":81,"81":82,"82":83,"83":84,"84":85,"85":86,"86":87,"87":88,"88":89,"89":90,"90":91,"91":92,"92":93,"93":94,"94":95,"95":96,"96":97,"97":98,"98":99,"99":100},"Train Loss":{"0":0.0253153007,"1":0.0032559069,"2":0.0016348325,"3":0.0011666449,"4":0.0009681244,"5":0.0008094201,"6":0.0007263764,"7":0.0006509007,"8":0.0005974532,"9":0.0005273028,"10":0.0005156556,"11":0.0005058896,"12":0.0004603272,"13":0.0004312936,"14":0.0004109035,"15":0.0004023845,"16":0.0003914782,"17":0.0003907539,"18":0.0003632616,"19":0.0003633857,"20":0.0003439359,"21":0.0003335463,"22":0.0003380942,"23":0.0003159715,"24":0.0003279323,"25":0.0003245073,"26":0.0003064307,"27":0.0003161219,"28":0.0002913624,"29":0.0003022908,"30":0.0002950045,"31":0.0003351045,"32":0.0002994361,"33":0.0002893553,"34":0.0003003095,"35":0.0002768118,"36":0.0002855795,"37":0.0002772922,"38":0.0002743521,"39":0.0003089665,"40":0.0002731652,"41":0.0002893596,"42":0.0002857889,"43":0.000276627,"44":0.0002512812,"45":0.0002738252,"46":0.0002957692,"47":0.0002720093,"48":0.0002913143,"49":0.0002728718,"50":0.0002594114,"51":0.0002951393,"52":0.0002640738,"53":0.0002711008,"54":0.0002651383,"55":0.0002901341,"56":0.0002789495,"57":0.0002831057,"58":0.0002845233,"59":0.0002624624,"60":0.0002697065,"61":0.0002827332,"62":0.0002723838,"63":0.0002694346,"64":0.0002661147,"65":0.000272564,"66":0.0002630809,"67":0.0002566906,"68":0.0002656716,"69":0.0002604718,"70":0.0002831013,"71":0.0002560374,"72":0.0002602682,"73":0.0002485986,"74":0.0002607312,"75":0.0002484007,"76":0.0002674583,"77":0.0002491648,"78":0.0002456035,"79":0.0002623461,"80":0.0002457458,"81":0.0002412782,"82":0.0002630104,"83":0.0002485653,"84":0.0002555913,"85":0.0002609366,"86":0.0002423353,"87":0.0002419856,"88":0.0002413457,"89":0.0002551934,"90":0.0002367703,"91":0.0002528785,"92":0.0002517262,"93":0.0002305271,"94":0.000252623,"95":0.0002236957,"96":0.0002307964,"97":0.0002258432,"98":0.0002389093,"99":0.0002584545},"Train Accuracy":{"0":46.5483333333,"1":86.235,"2":93.45,"3":95.2933333333,"4":96.0716666667,"5":96.7766666667,"6":97.08,"7":97.325,"8":97.5433333333,"9":97.8283333333,"10":97.8916666667,"11":97.9883333333,"12":98.0783333333,"13":98.2216666667,"14":98.3033333333,"15":98.3633333333,"16":98.3966666667,"17":98.4133333333,"18":98.5183333333,"19":98.515,"20":98.6083333333,"21":98.59,"22":98.62,"23":98.6933333333,"24":98.6283333333,"25":98.6766666667,"26":98.7583333333,"27":98.7233333333,"28":98.8083333333,"29":98.7766666667,"30":98.83,"31":98.6383333333,"32":98.7666666667,"33":98.85,"34":98.7716666667,"35":98.915,"36":98.84,"37":98.8966666667,"38":98.9183333333,"39":98.7366666667,"40":98.8266666667,"41":98.7966666667,"42":98.8283333333,"43":98.9366666667,"44":98.9816666667,"45":98.92,"46":98.7883333333,"47":98.92,"48":98.8466666667,"49":98.8833333333,"50":98.9516666667,"51":98.85,"52":98.9883333333,"53":98.9133333333,"54":98.97,"55":98.8633333333,"56":98.865,"57":98.8433333333,"58":98.865,"59":98.94,"60":98.8733333333,"61":98.87,"62":98.9183333333,"63":98.9316666667,"64":98.9316666667,"65":98.9133333333,"66":98.945,"67":98.955,"68":98.9333333333,"69":98.9366666667,"70":98.8633333333,"71":98.9716666667,"72":98.9516666667,"73":99.0066666667,"74":98.975,"75":99.025,"76":98.8866666667,"77":98.9716666667,"78":99.0533333333,"79":98.915,"80":99.025,"81":99.04,"82":98.8916666667,"83":99.0216666667,"84":98.9833333333,"85":98.9533333333,"86":99.05,"87":99.035,"88":99.045,"89":98.9383333333,"90":99.04,"91":98.9766666667,"92":98.9733333333,"93":99.0683333333,"94":99.0083333333,"95":99.1466666667,"96":99.08,"97":99.12,"98":99.04,"99":98.965},"Train Time":{"0":29.6296482086,"1":29.4118907452,"2":15.4251461029,"3":28.6431601048,"4":28.6138005257,"5":29.4148499966,"6":29.0339751244,"7":28.5966186523,"8":28.7209279537,"9":29.4358479977,"10":29.2900073528,"11":30.3016438484,"12":28.4627480507,"13":29.4130938053,"14":28.3954629898,"15":28.5550918579,"16":27.921053648,"17":29.3622083664,"18":28.3676884174,"19":28.3834679127,"20":27.7796633244,"21":29.3625264168,"22":28.5003612041,"23":29.1776385307,"24":27.9030749798,"25":29.3226056099,"26":28.1963050365,"27":28.621325016,"28":28.6852355003,"29":29.5959539413,"30":28.7549576759,"31":28.2610046864,"32":28.857060194,"33":29.9540638924,"34":29.7864732742,"35":30.1774365902,"36":34.1699535847,"37":32.5512228012,"38":33.6337065697,"39":33.4157338142,"40":33.6113529205,"41":33.0971109867,"42":32.8620257378,"43":34.2677018642,"44":34.2168362141,"45":34.2237718105,"46":33.7581436634,"47":32.6961185932,"48":32.7633705139,"49":32.9921970367,"50":32.85079813,"51":32.7755637169,"52":33.9415202141,"53":35.1278791428,"54":33.8514096737,"55":34.9926080704,"56":33.536785841,"57":33.1955275536,"58":32.7054157257,"59":33.0456020832,"60":33.3985054493,"61":32.6474206448,"62":32.8926970959,"63":33.2553944588,"64":34.7639627457,"65":35.1679675579,"66":34.039588213,"67":32.796236515,"68":32.9961209297,"69":33.2202613354,"70":33.0458209515,"71":32.5861513615,"72":33.6788644791,"73":34.6747050285,"74":34.9300284386,"75":30.5832312107,"76":29.4647779465,"77":29.6842894554,"78":28.0919594765,"79":28.6360030174,"80":27.9788990021,"81":29.0013160706,"82":28.0206964016,"83":28.3290019035,"84":27.9324126244,"85":28.8340439796,"86":28.3395726681,"87":28.9137654305,"88":28.0177769661,"89":28.8741788864,"90":28.1052360535,"91":28.2146999836,"92":28.0943381786,"93":28.9949491024,"94":28.1525230408,"95":28.2562298775,"96":27.9864358902,"97":28.7673795223,"98":28.4050705433,"99":28.7903754711},"Test Loss":{"0":0.0053073739,"1":0.0020410898,"2":0.0011532985,"3":0.0007956952,"4":0.0005877406,"5":0.0005392109,"6":0.0004419471,"7":0.0004656324,"8":0.0004948363,"9":0.0004044867,"10":0.0003353436,"11":0.0004446161,"12":0.0003627589,"13":0.0003176968,"14":0.0004090844,"15":0.0003023044,"16":0.000343223,"17":0.0003359266,"18":0.0002967387,"19":0.0002582726,"20":0.0003613604,"21":0.0004112467,"22":0.0002926534,"23":0.0002355638,"24":0.0004612537,"25":0.0002644399,"26":0.0002526454,"27":0.0004526997,"28":0.0002818188,"29":0.0003363591,"30":0.0003322754,"31":0.0004673846,"32":0.0002778149,"33":0.0002424039,"34":0.0002442903,"35":0.0004530375,"36":0.0002764835,"37":0.0003706254,"38":0.0003278912,"39":0.0002629263,"40":0.0002431457,"41":0.0004072034,"42":0.0005110777,"43":0.0002651222,"44":0.0003830405,"45":0.0002890937,"46":0.0003638261,"47":0.0004316978,"48":0.000229478,"49":0.0002682942,"50":0.0003345153,"51":0.0002686818,"52":0.0002501624,"53":0.0002887415,"54":0.0003224853,"55":0.0002589184,"56":0.0003352565,"57":0.0003915793,"58":0.0002642156,"59":0.0001939909,"60":0.0004311339,"61":0.0003221925,"62":0.0003693407,"63":0.0003117496,"64":0.0002204312,"65":0.0002818955,"66":0.0003921329,"67":0.0003024659,"68":0.0003708467,"69":0.0002356247,"70":0.000413548,"71":0.0002420397,"72":0.0003248161,"73":0.0003395163,"74":0.0003258601,"75":0.0002974359,"76":0.0001994187,"77":0.0002729868,"78":0.0002821737,"79":0.0003345486,"80":0.0002321703,"81":0.000294971,"82":0.0003324147,"83":0.0002618234,"84":0.0002507265,"85":0.0002717002,"86":0.0002927914,"87":0.0002377334,"88":0.0001717504,"89":0.000314588,"90":0.0002083573,"91":0.000310343,"92":0.0001984306,"93":0.0004584541,"94":0.0002983323,"95":0.0002510581,"96":0.000218609,"97":0.0002774995,"98":0.0002205519,"99":0.0002869562},"Test Accuracy":{"0":76.72,"1":91.8,"2":95.42,"3":96.77,